med,MPH,Amphetamine,alpha_agonist,atomoxetine,SSRI,Other_antidepressants_anxiety,Antipsychotic
1163483 Methylphenidate Pill,1,,,,,,
4493 Fluoxetine,,,,,1,,
284704 Concerta,1,,,,,,
6901 Methylphenidate,1,,,,,,
84815 Adderall,,1,,,,,
153010 Advil,,,,,,,
330047 montelukast 5 MG,,,,,,,
1170620 Adderall Pill,,1,,,,,
711043 Vyvanse,,1,,,,,
1296363 Singulair Chewable Product,,,,,,,
58930 Zyrtec,,,,,,,
1312587 Quillivant Oral Liquid Product,1,,,,,,
196213 Fluoride Ion,,,,,,,
1169793 Flovent Inhalant Product,,,,,,,
398335 Xyzal,,,,,,,
723 Amoxicillin,,,,,,,
153889 Singulair,,,,,,,
1248741 Melatonin 5 MG Disintegrating Oral Tablet,,,,,,,
58827 Prozac,,,,,1,,
261575 Miralax,,,,,,,
1312584 Quillivant,1,,,,,,
20610 Cetirizine,,,,,,,
1154602 Albuterol Inhalant Product,,,,,,,
40114 Guanfacine,,,1,,,,
404930 Ciprodex,,,,,,,
353105 dexmethylphenidate hydrochloride,1,,,,,,
371346 Cephalexin Oral Suspension,,,,,,,
859088 200 ACTUAT Albuterol 0.09 MG/ACTUAT Metered Dose Inhaler [Ventolin],,,,,,,
2194 Cefuroxime,,,,,,,
647295 ProAir,,,,,,,
25037 cefdinir,,,,,,,
203188 Methylphenidate Hydrochloride,1,,,,,,
4511 Folic Acid,,,,,,,
854182 Ibuprofen 100 MG/ML,,,,,,,
826063 Methylphenidate Extended Release Oral Tablet [Ritalin],1,,,,,,
1649960 ProAir Inhalant Product,,,,,,,
358330 Strattera,,,,1,,,
36437 Sertraline,,,,,1,,
435 Albuterol,,,,,,,
328671 Sertraline 50 MG,,,,,1,,
261702 Xopenex,,,,,,,
83373 Flonase,,,,,,,
142153 Albuterol Sulfate,,,,,,,
153376 Nasonex,,,,,,,
5640 Ibuprofen,,,,,,,
352372 dexmethylphenidate,1,,,,,,
88249 montelukast,,,,,,,
203457 Benadryl,,,,,,,
1168123 Concerta Pill,1,,,,,,
35636 Risperidone,,,,,,,1
82728 Zoloft,,,,,1,,
217152 Flovent,,,,,,,
7646 Omeprazole,,,,,,,
616812 Asmanex,,,,,,,
901277 Ludent,,,,,,,
352654 Focalin,1,,,,,,
203576 Claritin,,,,,,,
862007 Intuniv,,,1,,,,
1801248 Flonase Nasal Product,,,,,,,
1151133 Pill,,,,,,,
1187604 Vyvanse Pill,,1,,,,,
41126 fluticasone,,,,,,,
4617 gamma-Aminobutyric Acid,,,,,,,
3013 Cyproheptadine,,,,,,,
202488 Motrin,,,,,,,
1187868 Ventolin Inhalant Product,,,,,,,
372861 Methylphenidate Oral Tablet,1,,,,,,
T127 Vitamin,,,,,,,
1171881 Focalin Pill,1,,,,,,
89013 aripiprazole,,,,,,,1
196487 Pulmicort,,,,,,,
2599 Clonidine,,,1,,,,
206412 Guanfacine 1 MG Oral Tablet [Tenex],,,1,,,,
8887 Ventolin,,,,,,,
374655 Methylphenidate Extended Release Oral Capsule,1,,,,,,
224917 Ritalin,1,,,,,,
1171289 Humalog Injectable Product,,,,,,,
1177118 Qvar Inhalant Product,,,,,,,
301543 Advair,,,,,,,
1152899 Amoxicillin Oral Liquid Product,,,,,,,
197454 Cephalexin 500 MG Oral Tablet,,,,,,,
10759 Triamcinolone,,,,,,,
327148 Symbicort,,,,,,,
352741 Lexapro,,,,,1,,
7623 Ofloxacin,,,,,,,
1091212 24 HR Methylphenidate Hydrochloride 54 MG Extended Release Oral Tablet [Concerta],1,,,,,,
11253 Vitamin D,,,,,,,
369654 montelukast Chewable Tablet [Singulair],,,,,,,
1171309 Advair Inhalant Product,,,,,,,
226084 Qvar,,,,,,,
5492 Hydrocortisone,,,,,,,
1171569 Claritin Pill,,,,,,,
1183693 Singulair Oral Product,,,,,,,
1295175 Amoxicillin Chewable Product,,,,,,,
261367 montelukast 4 MG Chewable Tablet [Singulair],,,,,,,
28439 lamotrigine,,,,,,,
884175 Clonidine Hydrochloride 0.1 MG Oral Tablet [Catapres],,,1,,,,
2231 Cephalexin,,,,,,,
8640 Prednisone,,,,,,,
704 Amitriptyline,,,,,,1,
1050313 Clonidine Hydrochloride 0.1 MG/ML [Nexiclon],,,1,,,,
1425334 Dextroamphetamine Oral Tablet [Zenzedi],,1,,,,,
42634 Desmopressin Acetate,,,,,,,
202433 Tylenol,,,,,,,
377303 Albuterol / Ipratropium Inhalant Solution,,,,,,,
1186679 Zyrtec Pill,,,,,,,
1159714 Guanfacine Oral Product,,,1,,,,
28889 Loratadine,,,,,,,
3288 Dextroamphetamine,,1,,,,,
26225 Ondansetron,,,,,,,
1166675 Aller-Tec D Pill,,,,,,,
1181460 Ludent Pill,,,,,,,
T195 Antibiotic,,,,,,,
899548 dexmethylphenidate hydrochloride 10 MG Oral Tablet,1,,,,,,
202829 Norditropin,,,,,,,
1091501 Methylphenidate Hydrochloride 2.5 MG Oral Tablet,1,,,,,,
324026 Allegra,,,,,,,
1185344 Ritalin Pill,1,,,,,,
1185122 Norditropin Injectable Product,,,,,,,
1152901 Amoxicillin Pill,,,,,,,
1295640 montelukast Chewable Product,,,,,,,
1009084 Amoxicillin / Clonixin,,,,,,,
1186678 Zyrtec Oral Product,,,,,,,
321988 Escitalopram,,,,,1,,
1182485 Prozac Oral Liquid Product,,,,,1,,
745752 200 ACTUAT Albuterol 0.09 MG/ACTUAT Metered Dose Inhaler [ProAir],,,,,,,
253146 Amphetamine / Dextroamphetamine,,1,,,,,
1186074 Synthroid Pill,,,,,,,
313850 Amoxicillin 40 MG/ML Oral Suspension,,,,,,,
745678 Albuterol Metered Dose Inhaler,,,,,,,
594111 Metadate,1,,,,,,
854832 lisdexamfetamine dimesylate 20 MG Oral Capsule [Vyvanse],,1,,,,,
261657 Tamiflu,,,,,,,
725 Amphetamine,,1,,,,,
203142 Guanfacine Hydrochloride,,,1,,,,
203345 Prilosec,,,,,,,
1158195 Sertraline Pill,,,,,1,,
1168122 Concerta Oral Product,1,,,,,,
1152873 Amoxicillin / Clavulanate Oral Liquid Product,,,,,,,
93904 Fluoxetine Oral Capsule [Prozac],,,,,1,,
1165655 fluticasone Inhalant Product,,,,,,,
1156276 Ibuprofen Oral Liquid Product,,,,,,,
6711 Melatonin,,,,,,,
827189 Ranitidine 150 MG Oral Tablet [Zantac],,,,,,,
9873 Sodium Fluoride,,,,,,,
32675 oxybutynin,,,,,,,
10737 Trazodone,,,,,,1,
3992 Epinephrine,,,,,,,
328670 Sertraline 100 MG,,,,,1,,
29046 Lisinopril,,,,,,,
284810 NovoLog,,,,,,,
1091187 24 HR Methylphenidate Hydrochloride 36 MG Extended Release Oral Tablet [Concerta],1,,,,,,
1171570 Claritin-D Oral Product,,,,,,,
1428980 Cetirizine Oral Solution [Pediacare Children's 24-Hr Allergy],,,,,,,
5691 Imipramine,,,,,,1,
5489 Hydrocodone,,,,,,,
861723 Sodium Fluoride Chewable Tablet [Fluoritab],,,,,,,
899494 dexmethylphenidate hydrochloride 30 MG,1,,,,,,
312940 Sertraline 25 MG Oral Tablet,,,,,1,,
2556 Citalopram,,,,,1,,
1011483 cetirizine hydrochloride 10 MG [Zyrtec],,,,,,,
378682 montelukast Oral Tablet,,,,,,,
15996 Mirtazapine,,,,,,1,
18631 Azithromycin,,,,,,,
631252 Daytrana,,,,,,,
866144 Cyproheptadine hydrochloride 4 MG Oral Tablet,,,,,,,
42372 Mupirocin,,,,,,,
583299 dexmethylphenidate Extended Release Oral Capsule [Focalin],1,,,,,,
1180206 Strattera Pill,,,,1,,,
315449 Azithromycin 250 MG,,,,,,,
371716 desmopressin Oral Tablet,,,,,,,
115713 montelukast sodium,,,,,,,
1182487 Prozac Pill,,,,,1,,
70618 Penicillin,,,,,,,
801094 Albuterol Metered Dose Inhaler [Ventolin],,,,,,,
367925 Cetirizine Oral Tablet [Zyrtec],,,,,,,
1158298 dexmethylphenidate Pill,1,,,,,,
4053 Erythromycin,,,,,,,
221088 Dextroamphetamine saccharate,,1,,,,,
1182486 Prozac Oral Product,,,,,1,,
6809 Metformin,,,,,,,
329796 Guanfacine 2 MG,,,1,,,,
38400 atomoxetine,,,,1,,,
352393 Abilify,,,,,,,1
3251 desmopressin,,,,,,,
315952 Fluoxetine 20 MG,,,,,1,,
1163482 Methylphenidate Oral Product,1,,,,,,
1797919 Fluticasone propionate 0.05 MG/ACTUAT Metered Dose Nasal Spray [Clarispray],,,,,,,
1720587 Dyanavel,,,,,,,
1170149 Benadryl Pill,,,,,,,
1178239 Prilosec Pill,,,,,,,
236065 Dorzolamide hydrochloride,,,,,,,
1185492 Symbicort Inhalant Product,,,,,,,
1173447 Intuniv Pill,,,1,,,,
1020017 cetirizine hydrochloride 1 MG/ML Oral Solution [Aller-Tec],,,,,,,
849517 Desmopressin Acetate 0.1 MG Oral Tablet [DDAVP],,,,,,,
1170147 Benadryl Oral Liquid Product,,,,,,,
617292 Amoxicillin / Clavulanate Oral Solution,,,,,,,
1186445 Xopenex Inhalant Product,,,,,,,
1183694 Singulair Pill,,,,,,,
1186154 Lexapro Pill,,,,,1,,
7258 Naproxen,,,,,,,
42355 Fluvoxamine,,,,,1,,
1154605 Albuterol Oral Product,,,,,,,
4419 Fish Oils,,,,,,,
899441 24 HR dexmethylphenidate hydrochloride 10 MG Extended Release Oral Capsule [Focalin],1,,,,,,
343177 Albuterol 8 MG,,,,,,,
1159715 Guanfacine Pill,,,1,,,,
1739804 Adzenys,,,,,,,
1020026 cetirizine hydrochloride 10 MG Oral Tablet [Zyrtec],,,,,,,
1171197 Fluoridex Dental Product,,,,,,,
224920 Synthroid,,,,,,,
367718 levothyroxine Oral Tablet [Levothroid],,,,,,,
687225 Albuterol / Beclomethasone,,,,,,,
1187310 Tylenol Oral Liquid Product,,,,,,,
1291861 Dymista,,,,,,,
284848 Protopic,,,,,,,
1174308 Augmentin Pill,,,,,,,
1091321 Methylphenidate Hydrochloride 5 MG,1,,,,,,
896243 60 ACTUAT Fluticasone propionate 0.115 MG/ACTUAT / salmeterol 0.021 MG/ACTUAT Metered Dose Inhaler [Advair],,,,,,,
1151461 Cyproheptadine Pill,,,,,,,
1171880 Focalin Oral Product,1,,,,,,
1020025 cetirizine hydrochloride 10 MG Oral Tablet [Alleroff],,,,,,,
3827 Enalapril,,,,,,,
1167609 Epiduo Topical Product,,,,,,,
198215 Sodium Fluoride 0.55 MG Chewable Tablet,,,,,,,
25480 gabapentin,,,,,,,
19831 Budesonide,,,,,,,
866021 Cyproheptadine hydrochloride 0.4 MG/ML Oral Solution,,,,,,,
1157802 dexmethylphenidate Oral Product,1,,,,,,
1091156 Methylphenidate Hydrochloride 18 MG [Concerta],1,,,,,,
1372704 Dulera,,,,,,,
865258 Aller-Tec,,,,,,,
884174 Clonidine Hydrochloride 0.1 MG [Catapres],,,1,,,,
1165950 Abilify Pill,,,,,,,1
5553 Hydroxyzine,,,,,,,
1177854 Tamiflu Oral Liquid Product,,,,,,,
668467 Loratadine 5 MG [Claritin],,,,,,,
1090518 Ranitidine 150 MG Oral Tablet [Wal-Zan],,,,,,,
574662 Risperidone 0.25 MG [Risperdal],,,,,,,1
1091136 Methylphenidate Hydrochloride 10 MG,1,,,,,,
1648175 Aptensio,1,,,,,,
135805 Humalog,,,,,,,
315951 Fluoxetine 10 MG,,,,,1,,
1091138 Methylphenidate Hydrochloride 10 MG [Metadate],1,,,,,,
26180 Golytely,,,,,,,
1256 Azathioprine,,,,,,,
1649967 Albuterol Metered Dose Inhaler [ProAir],,,,,,,
378713 dexmethylphenidate Oral Tablet,1,,,,,,
368610 Amoxicillin Oral Tablet [Amoxil],,,,,,,
1007849 Triamcinolone / Urea,,,,,,,
152523 Zantac,,,,,,,
1170055 Keppra Pill,,,,,,,
236599 Olopatadine hydrochloride,,,,,,,
356739 Alvesco,,,,,,,
1172147 Asmanex Inhalant Product,,,,,,,
212233 Sertraline 25 MG Oral Tablet [Zoloft],,,,,1,,
1091190 Methylphenidate Hydrochloride 40 MG,1,,,,,,
114477 Levetiracetam,,,,,,,
1296133 Lactaid Chewable Product,,,,,,,
1297046 Claritin Chewable Product,,,,,,,
876689 Ondansetron Disintegrating Oral Tablet [Zofran],,,,,,,
2582 Clindamycin,,,,,,,
574691 Risperidone 0.5 MG [Risperdal],,,,,,,1
1185048 Metadate Pill,1,,,,,,
884173 Clonidine Hydrochloride 0.1 MG Oral Tablet,,,1,,,,
966249 Levothyroxine Sodium 0.175 MG Oral Tablet,,,,,,,
7804 Oxycodone,,,,,,,
1170903 Ciprodex Otic Product,,,,,,,
1091157 24 HR Methylphenidate Hydrochloride 18 MG Extended Release Oral Tablet [Concerta],1,,,,,,
1177101 Prevacid Oral Product,,,,,,,
330694 Guanfacine 1 MG,,,1,,,,
647555 Fluoxetine 10 MG Oral Tablet [Sarafem],,,,,1,,
28815 lithium orotate,,,,,,,
1152431 Cephalexin Pill,,,,,,,
565421 montelukast 5 MG [Singulair],,,,,,,
862018 Guanfacine 3 MG,,,1,,,,
373868 Sertraline Oral Tablet,,,,,1,,
1157680 Trazodone Pill,,,,,,1,
1153386 Clonidine Pill,,,1,,,,
1514 Betamethasone,,,,,,,
17128 lansoprazole,,,,,,,
1183558 Pulmicort Inhalant Product,,,,,,,
330623 Azithromycin 500 MG,,,,,,,
1188169 Zoloft Pill,,,,,1,,
83156 Prevacid,,,,,,,
1175624 Lantus Injectable Product,,,,,,,
41493 meloxicam,,,,,,,
71556 Tenex,,,1,,,,
202363 Xanax,,,,,,,
567250 Guanfacine 1 MG [Tenex],,,1,,,,
42347 Bupropion,,,,,,1,
1014677 cetirizine hydrochloride 5 MG Oral Tablet [Zyrtec],,,,,,,
242438 montelukast 5 MG Chewable Tablet,,,,,,,
1801252 Dymista Nasal Product,,,,,,,
1181447 Tenex Pill,,,1,,,,
1178119 NovoLog Injectable Product,,,,,,,
197316 Albuterol 2 MG Oral Tablet,,,,,,,
1169779 Flonase Inhalant Product,,,,,,,
900372 Cetirizine Oral Capsule,,,,,,,
5552 hydroxyurea,,,,,,,
216459 Depakote,,,,,,,
1091186 Methylphenidate Hydrochloride 36 MG [Concerta],1,,,,,,
208161 Sertraline 50 MG Oral Tablet [Zoloft],,,,,1,,
196502 Lamictal,,,,,,,
368413 Sertraline Oral Tablet [Zoloft],,,,,1,,
1165365 Mirtazapine Pill,,,,,,1,
368291 montelukast Oral Tablet [Singulair],,,,,,,
567613 Loratadine 10 MG [Claritin],,,,,,,
1110805 Triamcinolone Topical Ointment [Trianex],,,,,,,
7226 Nadolol,,,,,,,
1307944 Sedum roseum root extract,,,,,,,
90176 Iron,,,,,,,
1091392 Methylphenidate Hydrochloride 20 MG Oral Tablet,1,,,,,,
862004 guafacine hydrochloride,,,1,,,,
862005 Guanfacine Extended Release Oral Tablet,,,1,,,,
6574 Magnesium,,,,,,,
1827 Buspirone,,,,,,1,
198145 Prednisone 10 MG Oral Tablet,,,,,,,
214199 Albuterol / Ipratropium,,,,,,,
884172 Clonidine Hydrochloride 0.1 MG,,,1,,,,
153970 Hyoscyamine,,,,,,,
374185 Trazodone Oral Tablet,,,,,,1,
6922 Metronidazole,,,,,,,
134774 Remeron,,,,,,1,
1191 Aspirin,,,,,,,
856372 Trazodone Hydrochloride 100 MG,,,,,,1,
854848 lisdexamfetamine dimesylate 60 MG Oral Capsule [Vyvanse],,1,,,,,
750149 Z-PAK 6 Count Pack,,,,,,,
50121 Fluticasone propionate,,,,,,,
215741 Bromfed DM,,,,,,,
1720590 Dyanavel Oral Liquid Product,,,,,,,
3289 Dextromethorphan,,,,,,,
377712 Hydrocortisone Topical Cream,,,,,,,
329156 Ranitidine 75 MG,,,,,,,
315515 Calcitriol 0.001 MG/ML,,,,,,,
218002 Levoxyl,,,,,,,
317388 Ibuprofen 400 MG,,,,,,,
1171571 Claritin-D Pill,,,,,,,
371751 Dextroamphetamine Extended Release Oral Capsule,,1,,,,,
315946 Sodium Fluoride 1 MG,,,,,,,
1152447 Cetirizine Pill,,,,,,,
1941535 Armonair Inhalant Product,,,,,,,
352320 atomoxetine 40 MG Oral Capsule [Strattera],,,,1,,,
1166659 Allegra Oral Liquid Product,,,,,,,
1242391 24 HR Loratadine 10 MG / Pseudoephedrine sulfate 240 MG Extended Release Oral Tablet [Claritin-D],,,,,,,
901278 Sodium Fluoride 0.55 MG [Ludent],,,,,,,
816701 Guaifenesin / Noscapine,,,,,,,
1294706 Sublingual Product,,,,,,,
790277 mometasone furoate 0.1 MG/ACTUAT,,,,,,,
1114038 DayQuil Cough,,,,,,,
899463 24 HR dexmethylphenidate hydrochloride 15 MG Extended Release Oral Capsule [Focalin],1,,,,,,
1168822 DayQuil Cough Oral Liquid Product,,,,,,,
3146 Delsym,,,,,,,
1173136 Derma-Smoothe FS Topical Product,,,,,,,
1009144 Amphetamine Sulfate 1.875 MG,,1,,,,,
573621 Albuterol 0.09 MG/ACTUAT [Proventil],,,,,,,
330935 Albuterol 0.5 MG/ML,,,,,,,
133008 Amoxicillin Trihydrate,,,,,,,
3287 Dextroamphetamine Sulfate,,1,,,,,
108118 Mometasone,,,,,,,
4462 Fluocinonide,,,,,,,
206413 Guanfacine 2 MG Oral Tablet [Tenex],,,1,,,,
379076 Clobetasol Topical Gel,,,,,,,
569148 Polymyxin B 10000 UNT/ML / Trimethoprim 1 MG/ML [Polytrim],,,,,,,
197743 Guanabenz 4 MG Oral Tablet,,,,,,,
316167 Loratadine 10 MG,,,,,,,
200224 montelukast 10 MG Oral Tablet,,,,,,,
1091500 Methylphenidate Hydrochloride 5 MG Oral Tablet [Ritalin],1,,,,,,
705025 Veramyst,,,,,,,
564001 Azithromycin 250 MG [Zithromax],,,,,,,
126542 Nasal Spray,,,,,,,
4135 Ethosuximide,,,,,,,
370579 Amoxicillin Oral Tablet,,,,,,,
142432 Clonidine Hydrochloride,,,1,,,,
885880 24 HR Clonidine Hydrochloride 0.2 MG Extended Release Oral Tablet,,,1,,,,
312137 oxcarbazepine 300 MG Oral Tablet,,,,,,,
3538 Cromolyn Sodium,,,,,,,
1165656 fluticasone Nasal Product,,,,,,,
1040032 Latuda,,,,,,,1
899549 dexmethylphenidate hydrochloride 10 MG Oral Tablet [Focalin],1,,,,,,
728109 Oseltamivir 30 MG Oral Capsule,,,,,,,
372305 Gentamicin Sulfate (USP) Otic Solution,,,,,,,
104582 Albuterol 0.1 MG/ACTUAT / Cromolyn 1 MG/ACTUAT Inhalant Solution,,,,,,,
1170148 Benadryl Oral Product,,,,,,,
858068 Colcrys,,,,,,,
1171319 Advate Injectable Product,,,,,,,
899462 dexmethylphenidate hydrochloride 15 MG [Focalin],1,,,,,,
1248842 Beclomethasone Dipropionate 0.08 MG/ACTUAT [Qnasl],,,,,,,
329100 Amoxicillin 200 MG,,,,,,,
1187313 Tylenol PM Oral Product,,,,,,,
1177856 Tamiflu Pill,,,,,,,
1170053 Keppra Oral Liquid Product,,,,,,,
206511 Hydrocortisone 10 MG/ML / Neomycin 3.5 MG/ML / Polymyxin B 10000 UNT/ML Otic Solution [Cortisporin],,,,,,,
207287 Metronidazole 250 MG Oral Tablet [Flagyl],,,,,,,
636223 azelastine Ophthalmic Solution [Optivar],,,,,,,
332183 Melatonin 5 MG,,,,,,,
352777 Mucinex,,,,,,,
1178238 Prilosec Oral Product,,,,,,,
846929 Melatonin 20 MG Oral Capsule,,,,,,,
854840 lisdexamfetamine dimesylate 40 MG Oral Capsule [Vyvanse],,1,,,,,
1722333 Ibuprofen 200 MG / Phenylephrine Hydrochloride 10 MG Oral Tablet [Advil Sinus Congestion and Pain],,,,,,,
199119 Omeprazole 10 MG Delayed Release Oral Capsule,,,,,,,
1648179 Aptensio Pill,1,,,,,,
1648996 Triamcinolone Acetonide 0.25 MG/ML [Triderm],,,,,,,
2598 Clonazepam,,,,,,,
1661103 Acetaminophen Chewable Tablet [Pediacare Children's Fever Reducer Pain Reliever],,,,,,,
1301247 Delsym Cough Relief Plus Soothing Action,,,,,,,
220917 Vivarin,,,,,,,
1187603 Vyvanse Oral Product,,1,,,,,
376410 Amphetamine / Dextroamphetamine Oral Tablet,,1,,,,,
59943 imiquimod,,,,,,,
29115 Maalox,,,,,,,
1797933 Fluticasone propionate 0.05 MG/ACTUAT Metered Dose Nasal Spray [Flonase],,,,,,,
218248 Maxalt,,,,,,,
854903 Bisoprolol Fumarate 10 MG Oral Tablet [Zebeta],,,,,,,
42568 Wellbutrin,,,,,,1,
835593 Imipramine Hydrochloride 10 MG Oral Tablet,,,,,,1,
197746 Guanfacine 2 MG Oral Tablet,,,1,,,,
491104 tolterodine Extended Release Oral Capsule [Detrol],,,,,,,
10761 Triamcinolone Acetonide,,,,,,,
9143 Ranitidine,,,,,,,
1186677 Zyrtec Oral Liquid Product,,,,,,,
1167772 Imitrex Pill,,,,,,,
562250 Amoxicillin / Clavulanate Oral Tablet,,,,,,,
203658 203658,,,,,,,
1170619 Adderall Oral Product,,1,,,,,
308191 Amoxicillin 500 MG Oral Capsule,,,,,,,
370656 Hydroxychloroquine Oral Tablet,,,,,,,
1187316 Tylenol Severe Allergy Oral Product,,,,,,,
1150360 1150360,,,,,,,
1180460 Mirapex Oral Product,,,,,,,
1166984 Dulera Inhalant Product,,,,,,,
54536 Pepto-bismol,,,,,,,
1186680 Zyrtec-D Oral Product,,,,,,,
574556 Levetiracetam 500 MG [Keppra],,,,,,,
854836 lisdexamfetamine dimesylate 30 MG Oral Capsule [Vyvanse],,1,,,,,
1170796 Benadryl-D Allergy and Sinus Oral Product,,,,,,,
316582 Prednisone 20 MG,,,,,,,
350963 Levalbuterol 0.103 MG/ML,,,,,,,
755475 Loratadine 1 MG/ML Oral Solution [Alavert],,,,,,,
316072 Ibuprofen 100 MG,,,,,,,
39173 Doxazosin Mesylate,,,,,,,
1164812 Ranitidine Oral Liquid Product,,,,,,,
1168701 Buspar Pill,,,,,,1,
91058 Chewable Tablet,,,,,,,
6851 Methotrexate,,,,,,,
1160601 cefdinir Oral Liquid Product,,,,,,,
1490668 120 ACTUAT Beclomethasone Dipropionate 0.08 MG/ACTUAT Metered Dose Inhaler [Qvar],,,,,,,
1296601 Claritin Disintegrating Oral Product,,,,,,,
1363235 Guaifenesin / Phenylephrine Oral Tablet [Wal-Phed PE Non-Drying Sinus],,,,,,,
372232 Fluoxetine Oral Solution,,,,,1,,
1727444 QuilliChew,1,,,,,,
315280 Acyclovir 200 MG,,,,,,,
540479 Amphetamine / Dextroamphetamine Extended Release Oral Capsule [Adderall],,1,,,,,
884187 Clonidine Hydrochloride 0.2 MG Oral Tablet [Catapres],,,1,,,,
1358973 Amoxi-tabs Pill,,,,,,,
1085636 Triamcinolone Acetonide 0.001 MG/MG Topical Ointment,,,,,,,
562508 Amoxicillin 875 MG / Clavulanate 125 MG Oral Tablet,,,,,,,
370576 Amoxicillin Oral Suspension,,,,,,,
1152907 Amphetamine Pill,,1,,,,,
323986 Ofloxacin 3 MG/ML,,,,,,,
995258 Hydroxyzine Hydrochloride 25 MG Oral Tablet,,,,,,,
1347 Beclomethasone,,,,,,,
1188167 Zoloft Oral Liquid Product,,,,,1,,
828244 Amoxicillin 775 MG [Moxatag],,,,,,,
351246 montelukast 4 MG Oral Granules,,,,,,,
316644 Risperidone 1 MG/ML,,,,,,,1
616447 mycophenolate mofetil 250 MG Oral Capsule [Cellcept],,,,,,,
1091155 24 HR Methylphenidate Hydrochloride 18 MG Extended Release Oral Tablet,1,,,,,,
350675 atomoxetine 25 MG,,,,1,,,
863635 Oxybutynin chloride 5 MG,,,,,,,
1166177 Bromfed DM Oral Liquid Product,,,,,,,
1154230 Desonide Topical Product,,,,,,,
794614 Ketotifen 0.25 MG/ML Ophthalmic Solution [Refresh Eye Itch Relief],,,,,,,
81982 81982,,,,,,,
154990 Buspar,,,,,,1,
1250490 hydrocortisone acetate 5 MG/ML Topical Cream,,,,,,,
1427298 Bacitracin 0.4 UNT/MG / Neomycin 0.0035 MG/MG / Polymyxin B 5 UNT/MG Topical Ointment [Repara Triple Antibiotic],,,,,,,
903890 Fluvoxamine Maleate 50 MG,,,,,1,,
1539890 Breo Inhalant Product,,,,,,,
312829 Risperidone 0.5 MG Oral Tablet,,,,,,,1
367701 Buspirone Oral Tablet [Buspar],,,,,,1,
1152786 Clindamycin Pill,,,,,,,
378983 Desonide Topical Ointment,,,,,,,
847232 3 ML Insulin Glargine 100 UNT/ML Pen Injector [Lantus],,,,,,,
3640 Doxycycline,,,,,,,
903316 Levothyroxine Sodium 0.025 MG / liothyronine sodium 0.00625 MG Oral Tablet [Thyrolar],,,,,,,
202908 Proventil,,,,,,,
1165481 Risperidone Pill,,,,,,,1
791944 Amoxicillin 200 MG Oral Tablet [Biomox],,,,,,,
619244 Mometasone Topical Lotion [Elocon],,,,,,,
4230 Eye Drops,,,,,,,
966537 Beclomethasone Dipropionate 0.04 MG/ACTUAT [Qvar],,,,,,,
1149363 Hyoscyamine Extended Release Oral Tablet [Oscimin],,,,,,,
899440 dexmethylphenidate hydrochloride 10 MG [Focalin],1,,,,,,
372595 levothyroxine Oral Tablet,,,,,,,
895996 120 ACTUAT Fluticasone propionate 0.044 MG/ACTUAT Metered Dose Inhaler [Flovent],,,,,,,
83099 Omnicef,,,,,,,
351137 Albuterol 0.21 MG/ML Inhalant Solution,,,,,,,
"1653106 Insulin Lispro / Insulin, Protamine Lispro, Human Pen Injector [Humalog Mix]",,,,,,,
315796 Diazepam 10 MG,,,,,,,
1165335 Loratadine Oral Liquid Product,,,,,,,
1539887 Breo,,,,,,,
1648191 Methylphenidate Hydrochloride 30 MG [Aptensio],1,,,,,,
108758 Mupirocin 0.02 MG/MG Nasal Ointment [Bactroban],,,,,,,
855480 alclometasone dipropionate 0.0005 MG/MG Topical Ointment,,,,,,,
2626 Clozapine,,,,,,,
404408 Escitalopram 5 MG Oral Tablet [Lexapro],,,,,1,,
236146 dextromethorphan polistirex,,,,,,,
1174306 Augmentin Oral Liquid Product,,,,,,,
316068 hydroxyurea 300 MG,,,,,,,
702425 702425,,,,,,,
1296339 Ludent Chewable Product,,,,,,,
476577 cefdinir 50 MG/ML,,,,,,,
617339 Amoxicillin 50 MG/ML / Clavulanate 12.5 MG/ML Oral Suspension [Augmentin],,,,,,,
1091226 8 HR Methylphenidate Hydrochloride 20 MG Extended Release Oral Tablet [Ritalin],1,,,,,,
1185342 Risperdal Pill,,,,,,,1
30145 mometasone furoate,,,,,,,
644964 Omnitrope,,,,,,,
1922722 Wal-Dryl-D Allergy,,,,,,,
372063 Erythromycin Ophthalmic Ointment,,,,,,,
103403 Hydrocortisone 10 MG/ML Topical Lotion,,,,,,,
135391 olopatadine,,,,,,,
860144 Hydrocodone Bitartrate 0.75 MG/ML,,,,,,,
998678 Clonidine 0.0125 MG/HR,,,1,,,,
1110806 Triamcinolone Acetonide 0.0005 MG/MG Topical Ointment [Trianex],,,,,,,
349593 atomoxetine 25 MG Oral Capsule,,,,1,,,
155137 Sertraline Hydrochloride,,,,,1,,
727341 Epipen,,,,,,,
1186152 Lexapro Oral Liquid Product,,,,,1,,
1295502 Ibuprofen Chewable Product,,,,,,,
1011485 cetirizine hydrochloride 10 MG Disintegrating Oral Tablet [Zyrtec],,,,,,,
1088134 Cholecalciferol 10000 UNT/ML Oral Solution,,,,,,,
855168 levocetirizine dihydrochloride 0.5 MG/ML Oral Solution,,,,,,,
208149 Sertraline 100 MG Oral Tablet [Zoloft],,,,,1,,
744830 Loratadine 10 MG Disintegrating Oral Tablet [Claritin],,,,,,,
153892 montelukast 10 MG Oral Tablet [Singulair],,,,,,,
1600688 Evekeo,,1,,,,,
315966 Folic Acid 1 MG,,,,,,,
833007 Desmopressin Acetate 0.2 MG,,,,,,,
1187044 Zarontin Pill,,,,,,,
10582 Thyroxine,,,,,,,
1543092 Eloctate Injectable Product,,,,,,,
1171992 Humira Injectable Product,,,,,,,
1170962 Cortizone-10 Topical Product,,,,,,,
617614 Fluoridex,,,,,,,
1176895 Tums Pill,,,,,,,
1091379 Methylphenidate Hydrochloride 10 MG Oral Tablet [Ritalin],1,,,,,,
1160837 Fluoxetine Pill,,,,,1,,
1202 1202,,,,,,,
809979 Vimpat,,,,,,,
196474 Zithromax,,,,,,,
152633 Cellcept,,,,,,,
350677 atomoxetine 60 MG,,,,1,,,
405790 Amoxicillin 20 MG/ML,,,,,,,
1309404 Ipratropium Bromide Monohydrate,,,,,,,
1156682 gabapentin Pill,,,,,,,
312828 Risperidone 0.25 MG Oral Tablet,,,,,,,1
1173446 Intuniv Oral Product,,,1,,,,
7597 7597,,,,,,,
18603 azelastine,,,,,,,
1175957 Enbrel Injectable Product,,,,,,,
573240 Citalopram 20 MG [Celexa],,,,,1,,
1007531 Cannabinol / Tetrahydrocannabinol,,,,,,,
1182535 Retin-A Topical Product,,,,,,,
1870386 Miralax Oral Powder Product,,,,,,,
1359005 Amoxicillin 150 MG Oral Tablet [Amoxi-tabs],,,,,,,
312941 Sertraline 50 MG Oral Tablet,,,,,1,,
896212 60 ACTUAT Fluticasone propionate 0.25 MG/ACTUAT / salmeterol 0.05 MG/ACTUAT Dry Powder Inhaler [Advair],,,,,,,
1596 Bisacodyl,,,,,,,
834102 Penicillin V Potassium 500 MG Oral Tablet,,,,,,,
349332 Escitalopram 10 MG Oral Tablet,,,,,1,,
1312585 Methylphenidate Hydrochloride 5 MG/ML [Quillivant],1,,,,,,
1165336 Loratadine Oral Product,,,,,,,
199163 Melatonin 3 MG Oral Tablet,,,,,,,
896014 Fluticasone propionate 0.05 MG/ACTUAT,,,,,,,
1310489 Ibuprofen 20 MG/ML / Pseudoephedrine Hydrochloride 3 MG/ML Oral Suspension [Advil Children's Cold],,,,,,,
371364 Cetirizine Oral Tablet,,,,,,,
1151169 Dicyclomine Pill,,,,,,,
576011 atomoxetine 10 MG [Strattera],,,,1,,,
108088 Alclometasone,,,,,,,
261551 Lantus,,,,,,,
370893 Amphetamine Oral Tablet,,1,,,,,
316643 Risperidone 1 MG,,,,,,,1
1046787 Atropine Sulfate 0.00388 MG/ML / Hyoscyamine Sulfate 0.0207 MG/ML / Phenobarbital 3.24 MG/ML / Scopolamine Hydrobromide 0.0013 MG/ML Oral Solution,,,,,,,
372972 Mupirocin Topical Ointment,,,,,,,
221147 POLYETHYLENE GLYCOL 3350,,,,,,,
10171 Sulfadiazine,,,,,,,
1044940 Dextromethorphan Hydrobromide 2 MG/ML / Guaifenesin 20 MG/ML Oral Solution [Wal-Tussin DM],,,,,,,
1152132 Citalopram Pill,,,,,1,,
686434 Pataday,,,,,,,
830645 830645,,,,,,,
311759 montelukast 4 MG Chewable Tablet,,,,,,,
377831 Triamcinolone Topical Cream,,,,,,,
577959 Amphetamine / Dextroamphetamine Oral Tablet [Adderall],,1,,,,,
1159343 Sodium Fluoride Pill,,,,,,,
203852 Lupron,,,,,,,
1301668 Rezyst Probiotic Pill,,,,,,,
351136 Albuterol 0.417 MG/ML Inhalant Solution,,,,,,,
7067 Mouthwash,,,,,,,
1008032 Melatonin / theanine,,,,,,,
404595 Levetiracetam 100 MG/ML Oral Solution [Keppra],,,,,,,
151314 Albutein,,,,,,,
1185343 Ritalin Oral Product,1,,,,,,
7984 Penicillin V,,,,,,,
1020023 cetirizine hydrochloride 10 MG Oral Capsule [Zyrtec],,,,,,,
1348 Beclomethasone Dipropionate,,,,,,,
6218 Lactulose,,,,,,,
1186932 Tylenol Chest Congestion Oral Product,,,,,,,
966394 Levothyroxine Sodium 0.1 MG [Synthroid],,,,,,,
1547653 Arnuity Inhalant Product,,,,,,,
153893 montelukast 5 MG Chewable Tablet [Singulair],,,,,,,
1292 Baclofen,,,,,,,
315369 Amoxicillin 250 MG,,,,,,,
372067 Erythromycin Topical Solution,,,,,,,
1174171 Albenza Pill,,,,,,,
895761 Actemra,,,,,,,
352272 Escitalopram 10 MG Oral Tablet [Lexapro],,,,,1,,
899484 dexmethylphenidate hydrochloride 20 MG,1,,,,,,
1167956 Bactrim Oral Product,,,,,,,
1151 Ascorbic Acid,,,,,,,
330648 Albuterol 0.4 MG/ML,,,,,,,
1114365 Chlorpheniramine Maleate 0.133 MG/ML / Dextromethorphan Hydrobromide 1 MG/ML Oral Solution [Children's Nyquil Cold and Cough],,,,,,,
1087049 Loratadine 10 MG [Wal-itin],,,,,,,
316074 Ibuprofen 200 MG,,,,,,,
38404 topiramate,,,,,,,
1727448 QuilliChew Oral Product,1,,,,,,
203143 Fluvoxamine Maleate,,,,,1,,
151399 Bactrim,,,,,,,
1187319 Tylenol Simply Cough Oral Product,,,,,,,
835563 Imipramine Hydrochloride 25 MG,,,,,,1,
316131 lamotrigine 25 MG,,,,,,,
393435 Omeprazole Oral Tablet,,,,,,,
1086792 cetirizine hydrochloride 10 MG [Wal-Zyr],,,,,,,
8745 Promethazine,,,,,,,
836338 Loratadine 10 MG Oral Capsule [Claritin],,,,,,,
847245 1.5 ML Somatropin 10 MG/ML Pen Injector [Norditropin],,,,,,,
1170900 Cipro Pill,,,,,,,
862008 Guanfacine 1 MG [Intuniv],,,1,,,,
1185222 Pepto-bismol Oral Product,,,,,,,
1183780 Trileptal Pill,,,,,,,
1172038 Advil Pill,,,,,,,
1187033 Zantac Pill,,,,,,,
152318 Risperdal,,,,,,,1
1153196 Ampicillin Oral Liquid Product,,,,,,,
371532 Citalopram Oral Tablet,,,,,1,,
997488 Fexofenadine hydrochloride 30 MG Oral Tablet,,,,,,,
884527 Dextroamphetamine Sulfate 10 MG [Dexedrine],,1,,,,,
1162750 topiramate Pill,,,,,,,
1187407 Vivotif Pill,,,,,,,
1167959 Bactrim Pill,,,,,,,
260101 260101,,,,,,,
466541 Neomycin / Polymyxin B,,,,,,,
197123 Humatrope,,,,,,,
352085 Pimecrolimus 10 MG/ML Topical Cream [Elidel],,,,,,,
220065 Sucraid,,,,,,,
8536 Polymyxin B,,,,,,,
1245274 Aerospan Inhalant Product,,,,,,,
1187032 Zantac Oral Product,,,,,,,
10627 Tobramycin,,,,,,,
1164010 Hydrocortisone Pill,,,,,,,
891178 terbinafine 250 MG Oral Tablet [Terbinex],,,,,,,
370331 Methylphenidate Extended Release Oral Tablet [Concerta],1,,,,,,
2176 2176,,,,,,,
356767 356767,,,,,,,
203302 Sudafed,,,,,,,
315288 Albuterol 4 MG,,,,,,,
203150 cetirizine hydrochloride,,,,,,,
901288 Sodium Fluoride 1.1 MG Chewable Tablet [Ludent],,,,,,,
899497 24 HR dexmethylphenidate hydrochloride 30 MG Extended Release Oral Capsule [Focalin],1,,,,,,
441005 Ketoconazole Topical Gel,,,,,,,
370789 Albuterol Inhalant Powder,,,,,,,
261572 Methylin,1,,,,,,
1091162 Methylphenidate Hydrochloride 20 MG [Metadate],1,,,,,,
476365 Methylphenidate Chewable Tablet,1,,,,,,
87636 fexofenadine,,,,,,,
1185365 Robafen Oral Liquid Product,,,,,,,
1008406 Albuterol / Ambroxol,,,,,,,
219400 Prevident,,,,,,,
115698 ziprasidone,,,,,,,1
967523 Omeprazole 20 MG [Omesec],,,,,,,
1180895 Lotemax Ophthalmic Product,,,,,,,
335266 Naproxen 125 MG,,,,,,,
203029 Tegretol,,,,,,,
364320 Ondansetron Oral Solution [Zofran],,,,,,,
405953 Clindamycin Topical Gel [Clindamax],,,,,,,
8519 Polyethylenes,,,,,,,
1155012 Azithromycin Pill,,,,,,,
1172837 Amitiza Pill,,,,,,,
346161 Inhalant Solution,,,,,,,
3361 Dicyclomine,,,,,,,
48470 Creon,,,,,,,
353103 atomoxetine hydrochloride,,,,1,,,
1246533 Lidocaine Topical Cream [AneCream],,,,,,,
9524 Sulfasalazine,,,,,,,
358793 mometasone furoate 0.05 MG/ACTUAT,,,,,,,
567806 Methimazole 5 MG [Tapazole],,,,,,,
315945 Sodium Fluoride 0.5 MG/ML,,,,,,,
1086706 meloxicam 5 MG/ML,,,,,,,
1182471 Proventil Inhalant Product,,,,,,,
1161178 Vitamin E Oral Product,,,,,,,
83553 Seroquel,,,,,,,1
1182817 Motrin Oral Liquid Product,,,,,,,
134920 Maxitrol,,,,,,,
1091395 Methylphenidate Hydrochloride 20 MG Oral Tablet [Ritalin],1,,,,,,
901334 topiramate 25 MG Oral Tablet [Topiragen],,,,,,,
374371 desmopressin Nasal Spray,,,,,,,
1600699 Amphetamine Sulfate 5 MG [Evekeo],,1,,,,,
476810 Mirtazapine 7.5 MG,,,,,,1,
104781 Risperidone 1 MG Oral Tablet [Risperdal],,,,,,,1
1186638 Xyzal Pill,,,,,,,
66981 Zofran,,,,,,,
1539889 fluticasone / vilanterol Dry Powder Inhaler [Breo],,,,,,,
27199 hydrocortisone valerate,,,,,,,
261624 Protonix,,,,,,,
1305267 Auvi-Q Injectable Product,,,,,,,
1182821 Motrin Pill,,,,,,,
1182870 Nexium Pill,,,,,,,
1190545 Atropine Sulfate 0.1 MG/ML,,,,,,,
1362751 Melatonin Chewable Product,,,,,,,
895998 Fluticasone propionate 0.11 MG/ACTUAT,,,,,,,
1650994 Loratadine 10 MG Oral Tablet [Cleartime Indoor & Outdoor Allergies],,,,,,,
405357 Theraflu Vapor Stick,,,,,,,
847176 ProCentra,,,,,,,
389172 Omeprazole 20 MG Oral Tablet,,,,,,,
5032 Guaifenesin,,,,,,,
861226 24 HR Amphetamine aspartate 5 MG / Amphetamine Sulfate 5 MG / Dextroamphetamine saccharate 5 MG / Dextroamphetamine Sulfate 5 MG Extended Release Oral Capsule [Adderall],,1,,,,,
1160236 Fluconazole Oral Product,,,,,,,
312938 Sertraline 100 MG Oral Tablet,,,,,1,,
39998 zonisamide,,,,,,,
"343495 insulin human, isophane 80 UNT/ML",,,,,,,
849524 Desmopressin Acetate 0.2 MG Oral Tablet [DDAVP],,,,,,,
203204 203204,,,,,,,
1660013 1660013,,,,,,,
2590 Clobetasol,,,,,,,
899518 dexmethylphenidate hydrochloride 5 MG Oral Tablet,1,,,,,,
866152 lansoprazole 30 MG Disintegrating Oral Tablet [Prevacid],,,,,,,
1428983 cetirizine hydrochloride 1 MG/ML Oral Solution [Pediacare Children's 24-Hr Allergy],,,,,,,
1091145 8 HR Methylphenidate Hydrochloride 10 MG Extended Release Oral Tablet,1,,,,,,
1607789 Jadenu Pill,,,,,,,
1312588 Quillivant Oral Product,1,,,,,,
707591 Alaway,,,,,,,
1152875 Amoxicillin / Clavulanate Pill,,,,,,,
51272 quetiapine,,,,,,,1
605864 Tylenol Simply Cough,,,,,,,
"311028 insulin human, isophane 100 UNT/ML Injectable Suspension",,,,,,,
317451 Omeprazole 40 MG,,,,,,,
23663 doxycycline hyclate,,,,,,,
1246309 formoterol fumarate 0.005 MG/ACTUAT / mometasone furoate 0.1 MG/ACTUAT [Dulera],,,,,,,
343086 lansoprazole 15 MG,,,,,,,
108889 Albuterol 2.5 MG/ACTUAT / Ipratropium 0.5 MG/ACTUAT Inhalant Solution,,,,,,,
895019 Strattera 10/18/25/40 Kit,,,,1,,,
284593 Methotrexate 10 MG Oral Tablet [Trexall],,,,,,,
1152444 Cetirizine / Pseudoephedrine Pill,,,,,,,
995252 Hydroxyzine Hydrochloride 25 MG,,,,,,,
89959 phosphatidylserine,,,,,,,
203116 203116,,,,,,,
328498 Ranitidine 15 MG/ML,,,,,,,
9863 Sodium Chloride,,,,,,,
1180724 Remeron Pill,,,,,,1,
18993 benzonatate,,,,,,,
1174960 Lac-Hydrin Topical Product,,,,,,,
1091167 50/50 Release 24 HR Methylphenidate Hydrochloride 20 MG Extended Release Oral Capsule [Ritalin],1,,,,,,
1178127 Novolin N Injectable Product,,,,,,,
1801255 Veramyst Nasal Product,,,,,,,
313979 Fludrocortisone 0.1 MG Oral Tablet,,,,,,,
1014398 Microsporum audouinii allergenic extract 50 MG/ML Injectable Solution,,,,,,,
899487 24 HR dexmethylphenidate hydrochloride 20 MG Extended Release Oral Capsule [Focalin],1,,,,,,
1648197 Methylphenidate Hydrochloride 50 MG [Aptensio],1,,,,,,
1165480 Risperidone Oral Product,,,,,,,1
42316 Tacrolimus,,,,,,,
153239 Nasacort,,,,,,,
1296507 Vivelle Transdermal Product,,,,,,,
899519 dexmethylphenidate hydrochloride 5 MG Oral Tablet [Focalin],1,,,,,,
615172 aripiprazole 2 MG Oral Tablet [Abilify],,,,,,,1
792122 Melatonin 3 MG / theanine 40 MG Oral Tablet,,,,,,,
702274 Nyquil Cough,,,,,,,
619083 Mometasone Topical Cream,,,,,,,
373752 Ranitidine Oral Tablet,,,,,,,
608012 Loratadine Oral Suspension,,,,,,,
904158 POLYETHYLENE GLYCOL 3350 420000 MG / Potassium Chloride 1480 MG / Sodium Bicarbonate 5720 MG / Sodium Chloride 11200 MG Powder for Oral Solution [TriLyte],,,,,,,
1091211 Methylphenidate Hydrochloride 54 MG [Concerta],1,,,,,,
379242 calcipotriene Topical Ointment,,,,,,,
1172079 Afrin Inhalant Product,,,,,,,
351249 Escitalopram 5 MG Oral Tablet,,,,,1,,
3014 Cyproterone,,,,,,,
1797932 fluticasone Metered Dose Nasal Spray [Flonase],,,,,,,
1170298 Decadron Pill,,,,,,,
350663 aripiprazole 10 MG,,,,,,,1
329760 ferrous sulfate 325 MG,,,,,,,
221153 Quetiapine fumarate,,,,,,,1
196488 Rhinocort,,,,,,,
351044 Escitalopram 10 MG,,,,,1,,
1300272 Ketoconazole 20 MG/ML Topical Foam [Ketodan],,,,,,,
1490774 120 ACTUAT Beclomethasone Dipropionate 0.04 MG/ACTUAT Metered Dose Inhaler [Qvar],,,,,,,
372368 Guanfacine Oral Tablet,,,1,,,,
346188 Albuterol 0.83 MG/ML,,,,,,,
866110 buspirone hydrochloride 7.5 MG,,,,,,1,
1167622 Epipen Injectable Product,,,,,,,
1157312 montelukast Pill,,,,,,,
329444 Citalopram 20 MG,,,,,1,,
331477 Risperidone 0.25 MG,,,,,,,1
606971 Acetylcysteine 600 MG Oral Capsule,,,,,,,
900438 Ibuprofen 200 MG Oral Tablet [Ultraprin],,,,,,,
1742499 Fluticasone propionate 0.05 MG/ACTUAT [Clarispray],,,,,,,
1370512 metoprolol succinate 50 MG [Toprol],,,,,,,
966407 Levothyroxine Sodium 0.05 MG Oral Capsule,,,,,,,
565252 mometasone furoate 0.05 MG/ACTUAT [Nasonex],,,,,,,
569951 Acetaminophen 325 MG / butalbital 50 MG [Tencon],,,,,,,
55062 55062,,,,,,,
377110 Ofloxacin Injectable Solution,,,,,,,
367398 fluocinolone Topical Ointment [Synalar],,,,,,,
196463 Prograf,,,,,,,
860802 Azelastine hydrochloride 0.137 MG/ACTUAT [Astepro],,,,,,,
219610 Remicade,,,,,,,
211322 Mirtazapine 15 MG Oral Tablet [Remeron],,,,,,1,
3264 Dexamethasone,,,,,,,
1157375 Ethosuximide Pill,,,,,,,
801095 60 ACTUAT Albuterol 0.09 MG/ACTUAT Metered Dose Inhaler [Ventolin],,,,,,,
856783 Amitriptyline Hydrochloride 10 MG Oral Tablet,,,,,,1,
381062 Budesonide Inhalant Solution [Pulmicort],,,,,,,
352951 Restasis,,,,,,,
1177417 Macrodantin Pill,,,,,,,
1165392 Mometasone Nasal Product,,,,,,,
351855 Loratadine 10 MG Disintegrating Oral Tablet [Alavert],,,,,,,
896006 120 ACTUAT Fluticasone propionate 0.22 MG/ACTUAT Metered Dose Inhaler [Flovent],,,,,,,
343108 lansoprazole 30 MG,,,,,,,
377281 Epinephrine Inhalant Solution,,,,,,,
997845 gabapentin Oral Suspension,,,,,,,
220879 Vitamin C TR,,,,,,,
1539993 Little Colds Mucus Relief Oral Product,,,,,,,
1115 Trihexyphenidyl Hydrochloride,,,,,,,
68244 Lamivudine,,,,,,,
1648182 Methylphenidate Hydrochloride 15 MG,1,,,,,,
119565 tolterodine,,,,,,,
1154606 Albuterol Pill,,,,,,,
1797907 Fluticasone propionate 0.05 MG/ACTUAT Metered Dose Nasal Spray,,,,,,,
903886 Fluvoxamine Maleate 25 MG,,,,,1,,
312615 Prednisone 20 MG Oral Tablet,,,,,,,
7213 Ipratropium,,,,,,,
153171 Entocort,,,,,,,
966158 Levothyroxine Sodium 0.025 MG Oral Tablet [Synthroid],,,,,,,
350654 aripiprazole 15 MG,,,,,,,1
1010681 Epinephrine 0.005 MG/ML / Lidocaine Hydrochloride 10 MG/ML Injectable Solution [Xylocaine with Epinephrine],,,,,,,
312832 Risperidone 3 MG Oral Tablet,,,,,,,1
94585 Acetic Acid / Hydrocortisone Otic Solution [Vosol HC],,,,,,,
995274 Hydroxyzine Pamoate 5 MG/ML Oral Suspension,,,,,,,
819757 Ambroxol / Clenbuterol,,,,,,,
1014672 cetirizine hydrochloride 1 MG/ML,,,,,,,
334972 Hydrocortisone 2.5 MG,,,,,,,
371362 Cetirizine Oral Solution,,,,,,,
94557 Vicks Vaporub,,,,,,,
332434 Risperidone 0.5 MG,,,,,,,1
153971 Atropine Sulfate,,,,,,,
1370827 POLYETHYLENE GLYCOL 8000000,,,,,,,
749210 sevelamer carbonate 800 MG Oral Tablet [Renvela],,,,,,,
1867688 DayQuil HBP Oral Product,,,,,,,
692906 Triaminic Day Time Cold & Cough,,,,,,,
701329 Benadryl-D Allergy and Sinus,,,,,,,
353102 Zyrtec-D,,,,,,,
400560 Levemir,,,,,,,
153008 Ibuprofen 200 MG Oral Tablet [Advil],,,,,,,
42954 Vitamin B6,,,,,,,
862014 Guanfacine 2 MG [Intuniv],,,1,,,,
8629 Prazosin,,,,,,,
487066 levalbuterol tartrate,,,,,,,
1151465 Cyproterone Oral Product,,,,,,,
1424888 fluticasone / vilanterol,,,,,,,
1191686 prednisolone 5 MG Oral Tablet [Prednistab],,,,,,,
315950 Fluorouracil 50 MG/ML,,,,,,,
1601091 olopatadine 7 MG/ML Ophthalmic Solution [Pazeo],,,,,,,
368139 Citalopram Oral Tablet [Celexa],,,,,1,,
93450 Neosporin Ointment,,,,,,,
378650 Levalbuterol Inhalant Solution,,,,,,,
90 Eicosapentaenoic Acid,,,,,,,
203136 203136,,,,,,,
7276 Tobramycin Sulfate,,,,,,,
2418 Cholecalciferol,,,,,,,
213344 Citalopram 20 MG Oral Tablet [Celexa],,,,,1,,
32624 oxcarbazepine,,,,,,,
574512 Fluoxetine 40 MG [Prozac],,,,,1,,
196458 Pepcid,,,,,,,
1040028 lurasidone,,,,,,,1
311725 Mirtazapine 15 MG Oral Tablet,,,,,,1,
353382 Escitalopram 5 MG,,,,,1,,
896026 Fluticasone propionate 0.25 MG/ACTUAT [Flovent],,,,,,,
284635 fluticasone / salmeterol,,,,,,,
1488053 Fexofenadine hydrochloride 180 MG Oral Tablet [Mucinex Non-Drowsy Allergy],,,,,,,
857692 Triamcinolone Acetonide 0.001 MG/MG,,,,,,,
7454 Nitrofurantoin,,,,,,,
378308 atomoxetine Oral Capsule,,,,1,,,
406093 Levetiracetam Oral Solution [Keppra],,,,,,,
3254 Desonide,,,,,,,
6142 6142,,,,,,,
106212 Calamine,,,,,,,
866095 buspirone hydrochloride 5 MG [Buspar],,,,,,1,
617313 atorvastatin 10 MG [Lipitor],,,,,,,
2878 Cortisone,,,,,,,
895986 Fluticasone propionate 0.5 MG/ML,,,,,,,
1166309 DDAVP Pill,,,,,,,
884384 Dextroamphetamine Sulfate 10 MG,,1,,,,,
862019 24 HR Guanfacine 3 MG Extended Release Oral Tablet,,,1,,,,
966369 Levothyroxine Sodium 0.3 MG [Levoxyl],,,,,,,
895989 Fluticasone propionate 0.5 MG/ML Topical Cream [Cutivate],,,,,,,
53654 Nevirapine,,,,,,,
616489 quetiapine 50 MG Oral Tablet [Seroquel],,,,,,,1
1918210 Fluticasone propionate 0.055 MG/ACTUAT / Salmeterol xinafoate 0.014 MG/ACTUAT [AirDuo],,,,,,,
261705 Zaditor,,,,,,,
1168833 Daypro Pill,,,,,,,
24947 ferrous sulfate,,,,,,,
1595751 Hydrocodone 60 MG,,,,,,,
856858 Amitriptyline Hydrochloride 10 MG/ML,,,,,,1,
1164814 Ranitidine Pill,,,,,,,
198013 Naproxen 250 MG Oral Tablet,,,,,,,
1158450 Diphenhydramine Pill,,,,,,,
8516 Polyethylene Glycols,,,,,,,
261680 Trileptal,,,,,,,
216525 Dexamethasone / Neomycin / Polymyxin B,,,,,,,
315272 Acetazolamide 250 MG,,,,,,,
1014674 cetirizine hydrochloride 10 MG Chewable Tablet,,,,,,,
1601087 Pazeo,,,,,,,
350674 atomoxetine 18 MG,,,,1,,,
259275 Oseltamivir phosphate,,,,,,,
152218 Phenergan,,,,,,,
755476 Loratadine 1 MG/ML Oral Solution [Claritin],,,,,,,
1117097 Zenpep,,,,,,,
1165012 fexofenadine Pill,,,,,,,
856373 Trazodone Hydrochloride 100 MG Oral Tablet,,,,,,1,
862026 Guanfacine 4 MG [Intuniv],,,1,,,,
316168 Loratadine 5 MG,,,,,,,
316408 Omeprazole 20 MG,,,,,,,
330765 rizatriptan 10 MG,,,,,,,
24942 24942,,,,,,,
884190 Clonidine Hydrochloride 0.3 MG [Catapres],,,1,,,,
312831 Risperidone 2 MG Oral Tablet,,,,,,,1
1163451 Levetiracetam Oral Product,,,,,,,
203182 Hydroxyzine Pamoate,,,,,,,
381228 Albuterol / Cromolyn Inhalant Solution,,,,,,,
1099595 Divalproex Sodium 125 MG,,,,,,,
40790 pantoprazole,,,,,,,
1482533 cetirizine hydrochloride 1 MG/ML Oral Solution [Wal Zyr 24 Hour Allergy],,,,,,,
1801257 Astelin Nasal Product,,,,,,,
1170145 Benadryl Itch Stopping Topical Product,,,,,,,
1895 Calcium,,,,,,,
563783 Fluoxetine 20 MG [Prozac],,,,,1,,
1295383 Methylphenidate Chewable Product,1,,,,,,
315779 Dexamethasone 6 MG,,,,,,,
1159901 1159901,,,,,,,
1795587 Fluticasone propionate 0.05 MG/ACTUAT [Nasoflow],,,,,,,
42612 Cromolyn,,,,,,,
310014 Dornase Alfa 1 MG/ML Inhalant Solution,,,,,,,
1649574 Injection,,,,,,,
1438115 POLYETHYLENE GLYCOL 2000000,,,,,,,
598031 Fluoxetine Delayed Release Oral Capsule [Prozac],,,,,1,,
898698 Oleptro,,,,,,,
1162980 Sulfamethizole Pill,,,,,,,
1186708 Tussionex Oral Liquid Product,,,,,,,
1182869 Nexium Oral Product,,,,,,,
1180394 Mapap Pill,,,,,,,
202877 202877,,,,,,,
616830 Budesonide 0.125 MG/ML Inhalant Solution [Pulmicort],,,,,,,
1183562 Pulmozyme Inhalant Product,,,,,,,
190283 Flomax,,,,,,,
1655929 ORKAMBI,,,,,,,
1171562 Clarinex-D Pill,,,,,,,
1162918 POLYETHYLENE GLYCOL 3350 / Potassium Chloride / Sodium Bicarbonate / Sodium Chloride / sodium sulfate Oral Product,,,,,,,
1162982 Sulfamethoxazole / Trimethoprim Oral Liquid Product,,,,,,,
151390 151390,,,,,,,
285059 DuoNeb,,,,,,,
1374574 TOBI Podhaler 224 Capsule Monthly Pack,,,,,,,
302379 omalizumab,,,,,,,
333415 Tyrosine 1000 MG,,,,,,,
1295194 Fluoxetine Chewable Product,,,,,1,,
643018 aripiprazole Disintegrating Oral Tablet,,,,,,,1
1294716 Chewable Product,,,,,,,
1173873 Elidel Topical Product,,,,,,,
374169 Tramadol Oral Capsule,,,,,,,
4491 Fluorometholone,,,,,,,
904026 Loratadine 5 MG Disintegrating Oral Tablet [Claritin],,,,,,,
1180763 Seroquel Pill,,,,,,,1
542137 Albuterol / Ipratropium Inhalant Solution [DuoNeb],,,,,,,
479467 Ear Drops,,,,,,,
284408 zonisamide 100 MG Oral Capsule [Zonegran],,,,,,,
366770 gabapentin Oral Capsule [Neurontin],,,,,,,
1926841 Cotempla,,,,,,,
312773 Ranitidine 75 MG Oral Tablet,,,,,,,
372862 Methylphenidate Extended Release Oral Tablet,1,,,,,,
356887 levocetirizine,,,,,,,
128793 Vicodin,,,,,,,
370619 Atenolol Oral Tablet,,,,,,,
4492 Fluorouracil,,,,,,,
797272 clindamycin phosphate,,,,,,,
1179329 Nasacort Inhalant Product,,,,,,,
899486 dexmethylphenidate hydrochloride 20 MG [Focalin],1,,,,,,
856791 Amitriptyline Hydrochloride 25 MG,,,,,,1,
541029 Cetirizine Chewable Tablet [Zyrtec],,,,,,,
4450 Fluconazole,,,,,,,
202462 Plaquenil,,,,,,,
404630 Ciprofloxacin 3 MG/ML / Dexamethasone 1 MG/ML Otic Suspension [Ciprodex],,,,,,,
1156278 Ibuprofen Pill,,,,,,,
365354 Hydrocortisone / Neomycin / Polymyxin B Otic Solution [Cortisporin],,,,,,,
647554 Fluoxetine Oral Tablet [Sarafem],,,,,1,,
899438 dexmethylphenidate hydrochloride 10 MG,1,,,,,,
856705 Amitriptyline Hydrochloride 10 MG,,,,,,1,
617301 Amoxicillin / Clavulanate Oral Suspension,,,,,,,
368273 levothyroxine Oral Tablet [Unithroid],,,,,,,
756406 Cephalexin Oral Solution,,,,,,,
7539 Novocaine,,,,,,,
"792155 tetanus toxoid vaccine, inactivated Prefilled Syringe",,,,,,,
1801256 PATANASE Nasal Product,,,,,,,
1187947 Wellbutrin Pill,,,,,,1,
281 Acyclovir,,,,,,,
371325 cefdinir Oral Capsule,,,,,,,
1155151 Codeine / Promethazine Oral Liquid Product,,,,,,,
1648194 Methylphenidate Hydrochloride 40 MG [Aptensio],1,,,,,,
329228 Cephalexin 25 MG/ML,,,,,,,
161 Acetaminophen,,,,,,,
1087050 Loratadine Oral Tablet [Wal-itin],,,,,,,
213182 Mupirocin 20 MG/ML Topical Cream [Bactroban],,,,,,,
1865958 Eucrisa,,,,,,,
1177102 Prevacid Pill,,,,,,,
1739808 Adzenys Pill,,,,,,,
144254 Lortab,,,,,,,
370570 Amitriptyline Oral Tablet,,,,,,1,
329103 Amoxicillin 400 MG,,,,,,,
1091184 Methylphenidate Hydrochloride 36 MG,1,,,,,,
1091171 Methylphenidate Hydrochloride 27 MG [Concerta],1,,,,,,
92950 Erythromycin Ophthalmic Ointment [Ilotycin],,,,,,,
1166661 Allegra Pill,,,,,,,
1871458 Vyvanse Chewable Product,,1,,,,,
1170795 Benadryl-D Allergy and Sinus Oral Liquid Product,,,,,,,
1170794 Benadryl Topical Product,,,,,,,
1790885 Trintellix Pill,,,,,,,
899513 24 HR dexmethylphenidate hydrochloride 5 MG Extended Release Oral Capsule [Focalin],1,,,,,,
406106 moxifloxacin Ophthalmic Solution,,,,,,,
1185784 Percocet Pill,,,,,,,
1600698 Amphetamine Sulfate 10 MG Oral Tablet [Evekeo],,1,,,,,
378982 Clobetasol Topical Ointment,,,,,,,
1869707 Flonase Sensimist,,,,,,,
1722330 Ibuprofen / Phenylephrine Oral Tablet [Advil Sinus Congestion and Pain],,,,,,,
224890 Viramune,,,,,,,
865093 Melatonin 1 MG / pyridoxine 10 MG Oral Tablet,,,,,,,
1659811 aripiprazole 400 MG,,,,,,,1
1152690 Caffeine Pill,,,,,,,
861718 Fluoritab,,,,,,,
198014 Naproxen 500 MG Oral Tablet,,,,,,,
1187330 Tylenol Sinus Congestion and Pain Daytime Oral Product,,,,,,,
372108 Ethosuximide Oral Capsule,,,,,,,
1091169 Methylphenidate Hydrochloride 27 MG,1,,,,,,
861238 24 HR Amphetamine aspartate 1.25 MG / Amphetamine Sulfate 1.25 MG / Dextroamphetamine saccharate 1.25 MG / Dextroamphetamine Sulfate 1.25 MG Extended Release Oral Capsule [Adderall],,1,,,,,
10652 Toothpaste,,,,,,,
37801 terbinafine,,,,,,,
1160453 Ofloxacin Otic Product,,,,,,,
619044 Folic Acid Oral Tablet,,,,,,,
370976 Azithromycin Oral Tablet,,,,,,,
1855316 Nexium Granule Product,,,,,,,
1894 Calcitriol,,,,,,,
1442873 Triamcinolone Acetonide 1 MG/ML [Dermasorb TA],,,,,,,
1544855 Buprenorphine 6.3 MG / Naloxone 1 MG [Bunavail],,,,,,,
197449 Cefaclor 500 MG Oral Capsule,,,,,,,
1171567 Claritin Oral Liquid Product,,,,,,,
1165337 Loratadine Pill,,,,,,,
1152435 Cephradine Oral Liquid Product,,,,,,,
363723 Ofloxacin Ophthalmic Solution [Ocuflox],,,,,,,
1091172 24 HR Methylphenidate Hydrochloride 27 MG Extended Release Oral Tablet [Concerta],1,,,,,,
1547446 Nutrilyte,,,,,,,
1087169 cetirizine hydrochloride 10 MG Oral Tablet [Wal-Zyr],,,,,,,
205604 doxycycline hyclate 100 MG Oral Capsule [Vibramycin],,,,,,,
1173520 Amoxi Drop Oral Liquid Product,,,,,,,
1180726 Remicade Injectable Product,,,,,,,
1652624 Omega-3 carboxylic acids Oral Capsule,,,,,,,
1116760 chloroquine phosphate 500 MG Oral Tablet [Aralen Phosphate],,,,,,,
215455 Asthmahaler,,,,,,,
1152874 Amoxicillin / Clavulanate Oral Product,,,,,,,
215558 Banophen,,,,,,,
1535450 Dextroamphetamine Sulfate 15 MG [Zenzedi],,1,,,,,
207202 Ofloxacin 3 MG/ML Ophthalmic Solution [Ocuflox],,,,,,,
1183323 Mucinex D Pill,,,,,,,
1179383 Nutropin Injectable Product,,,,,,,
33199 Permethrin,,,,,,,
370678 Ibuprofen / Pseudoephedrine Oral Tablet,,,,,,,
215407 Armour Thyroid,,,,,,,
636216 azelastine Ophthalmic Solution,,,,,,,
220343 Topamax,,,,,,,
734064 Desvenlafaxine,,,,,,1,
1189693 Levothyroxine Sodium 0.7 MG Oral Tablet [Thyro-Tabs],,,,,,,
746190 Beclomethasone Metered Dose Inhaler,,,,,,,
1648178 Aptensio Oral Product,1,,,,,,
1180205 Strattera Oral Product,,,,1,,,
1162236 Methotrexate Oral Product,,,,,,,
315900 Ethosuximide 250 MG,,,,,,,
619042 Mometasone Topical Ointment,,,,,,,
371670 Cyproheptadine Oral Tablet,,,,,,,
1186153 Lexapro Oral Product,,,,,1,,
1187675 Zithromax Pill,,,,,,,
1187315 Tylenol Pill,,,,,,,
362317 Hydrocortisone Topical Cream [Pandel],,,,,,,
1185574 Levoxyl Pill,,,,,,,
1797865 mometasone furoate 0.05 MG/ACTUAT Metered Dose Nasal Spray,,,,,,,
284812 Nulev,,,,,,,
1186681 Zyrtec-D Pill,,,,,,,
334403 Sodium Fluoride 0.44 MG/ML,,,,,,,
706867 Azithromycin Ophthalmic Solution,,,,,,,
371515 Cimetidine Oral Tablet,,,,,,,
315368 Amoxicillin 25 MG/ML,,,,,,,
1296352 Daytrana Transdermal Product,,,,,,,
1166211 Celexa Pill,,,,,1,,
1191339 Fluocinolone Acetonide 0.0000625 MG/MG Topical Ointment,,,,,,,
1242396 Loratadine 10 MG / Pseudoephedrine sulfate 240 MG [Wal-itin D],,,,,,,
1181489 Lupron Injectable Product,,,,,,,
1186636 Xyzal Oral Liquid Product,,,,,,,
562927 Amoxicillin 500 MG [Trimox],,,,,,,
578388 Dextroamphetamine Sulfate 3.75 MG,,1,,,,,
544933 Clobetasol Topical Solution,,,,,,,
103866 Metronidazole benzoate,,,,,,,
802548 Amoxicillin 775 MG,,,,,,,
1720583 Amphetamine 2.5 MG/ML,,1,,,,,
850404 Ibuprohm,,,,,,,
197683 Ethotoin 250 MG Oral Tablet,,,,,,,
1162998 Sulfasalazine Pill,,,,,,,
1168823 DayQuil Cough Oral Product,,,,,,,
1373238 Cortisil MDX Topical Product,,,,,,,
364501 Chlorpheniramine / Hydrocodone / Phenylephrine Oral Solution [Poly-Tussin],,,,,,,
1797934 fluticasone Metered Dose Nasal Spray [Nasoflow],,,,,,,
1312589 24 HR Methylphenidate Hydrochloride 5 MG/ML Extended Release Suspension [Quillivant],1,,,,,,
349595 atomoxetine 60 MG Oral Capsule,,,,1,,,
378099 gabapentin Oral Tablet,,,,,,,
1176452 Colace Pill,,,,,,,
203167 Keflex,,,,,,,
603282 potassium citrate 5 MEQ Extended Release Oral Tablet [Urocit-K],,,,,,,
1161032 Ondansetron Oral Liquid Product,,,,,,,
967376 Cetirizine Oral Tablet [Alleroff],,,,,,,
1020024 cetirizine hydrochloride 10 MG [Alleroff],,,,,,,
1164715 Midazolam Injectable Product,,,,,,,
1225 Hyoscyamine Sulfate,,,,,,,
198335 Sulfamethoxazole 800 MG / Trimethoprim 160 MG Oral Tablet,,,,,,,
306865 Elidel,,,,,,,
1188161 Zofran Pill,,,,,,,
274783 Insulin Glargine,,,,,,,
1159834 Nitrous Oxide Inhalant Product,,,,,,,
"798304 diphtheria toxoid vaccine, inactivated",,,,,,,
904468 Pravastatin Sodium 20 MG [Pravachol],,,,,,,
568344 Procaine 100 MG/ML [Novocaine],,,,,,,
197745 Guanfacine 1 MG Oral Tablet,,,1,,,,
284591 Citalopram 10 MG Oral Tablet [Celexa],,,,,1,,
993527 Bupropion Hydrochloride 150 MG [Wellbutrin],,,,,,1,
1013931 Kapvay,,,,,,,
827181 Ranitidine 75 MG [Zantac],,,,,,,
39786 venlafaxine,,,,,,1,
1540831 Acetaminophen Oral Tablet [Fortolin],,,,,,,
705011 cyclobenzaprine Oral Tablet [Fexmid],,,,,,,
1244014 vitamin D3,,,,,,,
314111 Mirtazapine 30 MG Oral Tablet,,,,,,1,
192254 Combivir,,,,,,,
205535 Fluoxetine 10 MG Oral Capsule [Prozac],,,,,1,,
1171345 Advil Oral Liquid Product,,,,,,,
1187763 Veltin Topical Product,,,,,,,
1117087 Neo-Polycin,,,,,,,
1649961 200 ACTUAT Albuterol 0.09 MG/ACTUAT Dry Powder Inhaler [ProAir],,,,,,,
884536 Dextroamphetamine Sulfate 5 MG [Dexedrine],,1,,,,,
1175215 Detrol Oral Product,,,,,,,
1152785 Clindamycin Oral Product,,,,,,,
313990 Fluoxetine 10 MG Oral Tablet,,,,,1,,
404473 moxifloxacin 5 MG/ML Ophthalmic Solution [Vigamox],,,,,,,
215928 Celexa,,,,,1,,
1162567 leflunomide Pill,,,,,,,
332182 Melatonin 1 MG,,,,,,,
1183752 Sudogest Pill,,,,,,,
1797875 azelastine Metered Dose Nasal Spray [Astelin],,,,,,,
1358627 Guaifenesin 20 MG/ML / Phenylephrine Hydrochloride 1 MG/ML Oral Solution,,,,,,,
217713 Imitrex,,,,,,,
72625 duloxetine,,,,,,,
1797832 Ipratropium Metered Dose Nasal Spray,,,,,,,
1188160 Zofran Oral Product,,,,,,,
1292333 Folic Acid / Inositol,,,,,,,
1178125 Novolin Injectable Product,,,,,,,
691245 Epinephrine / Pilocarpine,,,,,,,
5036 Guanethidine,,,,,,,
1156047 Brompheniramine / Pseudoephedrine Oral Product,,,,,,,
1153385 Clonidine Oral Product,,,1,,,,
1425337 Dextroamphetamine Sulfate 10 MG Oral Tablet [Zenzedi],,1,,,,,
1151123 Inhalant Product,,,,,,,
54251 Oxybutynin chloride,,,,,,,
1374771 Karbinal,,,,,,,
1551464 Bupropion / Naltrexone Oral Product,,,,,,1,
1185047 Metadate Oral Product,1,,,,,,
1809096 Sufentanil Injection,,,,,,,
83947 tazarotene,,,,,,,
1168688 Buproban Oral Product,,,,,,1,
67108 Enoxaparin,,,,,,,
1161033 Ondansetron Oral Product,,,,,,,
8080 Pertussis Vaccine,,,,,,,
316407 Omeprazole 10 MG,,,,,,,
866094 buspirone hydrochloride 5 MG Oral Tablet,,,,,,1,
317136 Nortriptyline 25 MG Oral Capsule,,,,,,,
1170658 Alvesco Inhalant Product,,,,,,,
1166103 B-12 Resin Pill,,,,,,,
999998 Amlodipine 5 MG / Hydrochlorothiazide 12.5 MG / Olmesartan medoxomil 40 MG [Tribenzor],,,,,,,
1592257 levomefolate,,,,,,,
196498 Neurontin,,,,,,,
316902 Vitamin D 50 UNT,,,,,,,
896189 fluticasone / salmeterol Dry Powder Inhaler [Advair],,,,,,,
1111339 olopatadine 1 MG/ML Ophthalmic Solution,,,,,,,
1085771 Triamcinolone Acetonide 0.001 MG/MG Topical Ointment [Triderm],,,,,,,
372233 Fluoxetine Oral Tablet,,,,,1,,
791880 lansoprazole 1 MG/ML Oral Suspension,,,,,,,
1601405 meningococcal group B vaccine Prefilled Syringe [Bexsero],,,,,,,
10753 Tretinoin,,,,,,,
802549 Amoxicillin Extended Release Oral Tablet,,,,,,,
884184 Clonidine Hydrochloride 0.2 MG,,,1,,,,
1154598 Albuterol / Ipratropium Inhalant Product,,,,,,,
4832 Glucagon,,,,,,,
670106 fexofenadine Oral Suspension,,,,,,,
856383 Trazodone Hydrochloride 50 MG Oral Capsule,,,,,,1,
215456 Asthmanefrin,,,,,,,
274535 Spiriva,,,,,,,
1372569 Lactobacillus acidophilus 1 MG Oral Tablet,,,,,,,
207212 Omeprazole 20 MG Delayed Release Oral Capsule [Prilosec],,,,,,,
1176313 Ayr Saline Nasal Nasal Product,,,,,,,
T127 Vitamin,,,,,,,
202488 Motrin,,,,,,,
1151 Ascorbic Acid,,,,,,,
617614 Fluoridex,,,,,,,
203576 Claritin,,,,,,,
202433 Tylenol,,,,,,,
1186678 Zyrtec Oral Product,,,,,,,
5492 Hydrocortisone,,,,,,,
58930 Zyrtec,,,,,,,
11253 Vitamin D,,,,,,,
5640 Ibuprofen,,,,,,,
1187310 Tylenol Oral Liquid Product,,,,,,,
6711 Melatonin,,,,,,,
1166676 Aller-Tec Oral Liquid Product,,,,,,,
1171569 Claritin Pill,,,,,,,
83373 Flonase,,,,,,,
1151133 Pill,,,,,,,
707591 Alaway,,,,,,,
203457 Benadryl,,,,,,,
261575 Miralax,,,,,,,
153010 Advil,,,,,,,
332182 Melatonin 1 MG,,,,,,,
352777 Mucinex,,,,,,,
4301 Omega-3 Fatty Acids,,,,,,,
1186677 Zyrtec Oral Liquid Product,,,,,,,
1170149 Benadryl Pill,,,,,,,
1895 Calcium,,,,,,,
1801260 Nasonex Nasal Product,,,,,,,
808119 Dimetapp Children's Cold and Allergy,,,,,,,
1161159 Vitamin B 12 Pill,,,,,,,
642362 Robitussin Cough Drop,,,,,,,
28889 Loratadine,,,,,,,
161 Acetaminophen,,,,,,,
42954 Vitamin B6,,,,,,,
1167424 Compound W brand of salicylic acid Topical Product,,,,,,,
1182535 Retin-A Topical Product,,,,,,,
220581 Tylenol PM,,,,,,,
1177162 Robitussin DM Oral Product,,,,,,,
1186679 Zyrtec Pill,,,,,,,
90176 Iron,,,,,,,
1187315 Tylenol Pill,,,,,,,
1801248 Flonase Nasal Product,,,,,,,
1187064 Tylenol Childrens Plus Cough & Sore Throat Oral Liquid Product,,,,,,,
97016 Vitamin A / Vitamin D,,,,,,,
702198 Advil Children's Cold,,,,,,,
87636 fexofenadine,,,,,,,
1156276 Ibuprofen Oral Liquid Product,,,,,,,
1186680 Zyrtec-D Oral Product,,,,,,,
220879 Vitamin C TR,,,,,,,
203302 Sudafed,,,,,,,
1244014 vitamin D3,,,,,,,
6574 Magnesium,,,,,,,
1170148 Benadryl Oral Product,,,,,,,
1170147 Benadryl Oral Liquid Product,,,,,,,
372749 Melatonin Oral Capsule,,,,,,,
317388 Ibuprofen 400 MG,,,,,,,
1790666 Melatonin 5 MG Chewable Tablet,,,,,,,
20610 Cetirizine,,,,,,,
865258 Aller-Tec,,,,,,,
3498 Diphenhydramine,,,,,,,
324026 Allegra,,,,,,,
1011483 cetirizine hydrochloride 10 MG [Zyrtec],,,,,,,
284704 Concerta,1,,,,,,
1297046 Claritin Chewable Product,,,,,,,
744830 Loratadine 10 MG Disintegrating Oral Tablet [Claritin],,,,,,,
153239 Nasacort,,,,,,,
900438 Ibuprofen 200 MG Oral Tablet [Ultraprin],,,,,,,
7646 Omeprazole,,,,,,,
1722333 Ibuprofen 200 MG / Phenylephrine Hydrochloride 10 MG Oral Tablet [Advil Sinus Congestion and Pain],,,,,,,
54536 Pepto-bismol,,,,,,,
1296361 Advil Chewable Product,,,,,,,
153889 Singulair,,,,,,,
4419 Fish Oils,,,,,,,
6536 Lysine,,,,,,,
702274 Nyquil Cough,,,,,,,
3146 Delsym,,,,,,,
1332477 Culturelle,,,,,,,
1171570 Claritin-D Oral Product,,,,,,,
1248741 Melatonin 5 MG Disintegrating Oral Tablet,,,,,,,
1182817 Motrin Oral Liquid Product,,,,,,,
151666 Dramamine,,,,,,,
1114038 DayQuil Cough,,,,,,,
1310489 Ibuprofen 20 MG/ML / Pseudoephedrine Hydrochloride 3 MG/ML Oral Suspension [Advil Children's Cold],,,,,,,
369212 Diphenhydramine Oral Tablet [Benadryl],,,,,,,
1172038 Advil Pill,,,,,,,
1165310 Ibuprofen / Pseudoephedrine Oral Product,,,,,,,
1187311 Tylenol Oral Product,,,,,,,
1182818 Motrin Oral Product,,,,,,,
1168713 Children's Nyquil Cold and Cough Oral Liquid Product,,,,,,,
854182 Ibuprofen 100 MG/ML,,,,,,,
796199 Dimetapp Cold,,,,,,,
1362752 Melatonin Chewable Tablet,,,,,,,
152523 Zantac,,,,,,,
11416 Zinc,,,,,,,
2878 Cortisone,,,,,,,
203150 cetirizine hydrochloride,,,,,,,
1171567 Claritin Oral Liquid Product,,,,,,,
637195 Ibuprofen 10 MG/ML [Neoprofen],,,,,,,
1494821 Pedia-Lax Probiotic Chewable Product,,,,,,,
1242396 Loratadine 10 MG / Pseudoephedrine sulfate 240 MG [Wal-itin D],,,,,,,
1182821 Motrin Pill,,,,,,,
1183593 Rhinocort Nasal Product,,,,,,,
1187214 Vitamin C TR Oral Product,,,,,,,
1169779 Flonase Inhalant Product,,,,,,,
1187215 Vitamin C TR Pill,,,,,,,
1301664 Rezyst Probiotic,,,,,,,
310964 Ibuprofen 200 MG Oral Capsule,,,,,,,
367925 Cetirizine Oral Tablet [Zyrtec],,,,,,,
1170795 Benadryl-D Allergy and Sinus Oral Liquid Product,,,,,,,
1494822 Lactobacillus reuteri 100000000 UNT Chewable Tablet [Pedia-Lax Probiotic],,,,,,,
4230 Eye Drops,,,,,,,
1295502 Ibuprofen Chewable Product,,,,,,,
329011 Melatonin 2.5 MG,,,,,,,
1296601 Claritin Disintegrating Oral Product,,,,,,,
1296197 Zyrtec Disintegrating Oral Product,,,,,,,
565689 Ibuprofen 200 MG [Motrin],,,,,,,
1168822 DayQuil Cough Oral Liquid Product,,,,,,,
1171568 Claritin Oral Product,,,,,,,
795807 Lactaid,,,,,,,
220508 Tums,,,,,,,
217020 Excedrin,,,,,,,
353102 Zyrtec-D,,,,,,,
1362 Diphenhydramine Hydrochloride,,,,,,,
850404 Ibuprohm,,,,,,,
1179872 Nyquil Cough Oral Product,,,,,,,
1183321 Mucinex Cough Oral Product,,,,,,,
1152447 Cetirizine Pill,,,,,,,
1296526 Tylenol Chewable Product,,,,,,,
219713 Robitussin Pediatric Cough Suppressant,,,,,,,
243670 Aspirin 81 MG Oral Tablet,,,,,,,
1171345 Advil Oral Liquid Product,,,,,,,
196488 Rhinocort,,,,,,,
1296129 Tums Chewable Product,,,,,,,
215051 Afrin,,,,,,,
314047 Ibuprofen 50 MG Chewable Tablet,,,,,,,
1296338 Zyrtec Chewable Product,,,,,,,
1178344 Robitussin Pediatric Cough & Cold LA Oral Product,,,,,,,
153008 Ibuprofen 200 MG Oral Tablet [Advil],,,,,,,
1156278 Ibuprofen Pill,,,,,,,
94557 Vicks Vaporub,,,,,,,
1191 Aspirin,,,,,,,
1161172 Vitamin D Oral Product,,,,,,,
1114362 Children's Nyquil Cold and Cough,,,,,,,
1175935 Dramamine Pill,,,,,,,
544393 Ibuprofen 20 MG/ML Oral Suspension [Motrin],,,,,,,
1159217 Melatonin / Vitamin B 12 Pill,,,,,,,
1801240 Nasacort Nasal Product,,,,,,,
877058 Benadryl Children's Anti-Itch,,,,,,,
1297095 Gas-X Chewable Product,,,,,,,
1187313 Tylenol PM Oral Product,,,,,,,
1180459 Miralax Oral Product,,,,,,,
1366495 Ahist Antihistamine,,,,,,,
1179871 Nyquil Cough Oral Liquid Product,,,,,,,
1171571 Claritin-D Pill,,,,,,,
900372 Cetirizine Oral Capsule,,,,,,,
261705 Zaditor,,,,,,,
1296186 Benadryl Chewable Product,,,,,,,
93450 Neosporin Ointment,,,,,,,
370678 Ibuprofen / Pseudoephedrine Oral Tablet,,,,,,,
809887 Omega-3 Acid Ethyl Esters (USP) Oral Capsule [Lovaza],,,,,,,
1166661 Allegra Pill,,,,,,,
219702 Robitussin,,,,,,,
398335 Xyzal,,,,,,,
5924 Inulin,,,,,,,
1187312 Tylenol PM Oral Liquid Product,,,,,,,
197517 Clarithromycin 500 MG Oral Tablet,,,,,,,
1296120 Motrin Chewable Product,,,,,,,
1185950 Robitussin Chest Congestion Oral Liquid Product,,,,,,,
1008032 Melatonin / theanine,,,,,,,
1296122 Pepto-bismol Chewable Product,,,,,,,
1020026 cetirizine hydrochloride 10 MG Oral Tablet [Zyrtec],,,,,,,
1046239 Schiff,,,,,,,
1186638 Xyzal Pill,,,,,,,
1020021 cetirizine hydrochloride 1 MG/ML Oral Solution [Zyrtec],,,,,,,
1187319 Tylenol Simply Cough Oral Product,,,,,,,
1164814 Ranitidine Pill,,,,,,,
352401 Alavert,,,,,,,
70727 Fiber,,,,,,,
1087049 Loratadine 10 MG [Wal-itin],,,,,,,
1161022 Omega-3 Acid Ethyl Esters (USP) Pill,,,,,,,
50121 Fluticasone propionate,,,,,,,
151889 Imodium,,,,,,,
371362 Cetirizine Oral Solution,,,,,,,
1053139 Wal-Dryl,,,,,,,
1187910 Wal-Zyr Pill,,,,,,,
1661103 Acetaminophen Chewable Tablet [Pediacare Children's Fever Reducer Pain Reliever],,,,,,,
1086949 Hydrocortisone Topical Lotion [Hydroskin],,,,,,,
9525 Salicylic Acid,,,,,,,
1007462 magnesium citrate / magnesium phosphate,,,,,,,
1301667 Rezyst Probiotic Oral Product,,,,,,,
1152842 Acetaminophen Oral Product,,,,,,,
203345 Prilosec,,,,,,,
41397 Lactase,,,,,,,
1170797 Benadryl-D Allergy and Sinus Pill,,,,,,,
199172 Melatonin 5 MG / Vitamin B6 1 MG Oral Tablet,,,,,,,
9143 Ranitidine,,,,,,,
1186636 Xyzal Oral Liquid Product,,,,,,,
1041793 Omega-3 Acid Ethyl Esters (USP) 500 MG,,,,,,,
997484 Fexofenadine hydrochloride 30 MG Disintegrating Oral Tablet [Allegra],,,,,,,
1248206 Acetaminophen 33.3 MG/ML / Diphenhydramine Hydrochloride 1.67 MG/ML Oral Solution [Tylenol Cold Relief Nighttime],,,,,,,
93574 Ibuprofen Oral Tablet [Nuprin],,,,,,,
215101 Aleve,,,,,,,
333683 Ibuprofen 40 MG/ML,,,,,,,
1494820 Pedia-Lax Probiotic Pill,,,,,,,
1178239 Prilosec Pill,,,,,,,
795911 Ibuprofen / Pseudoephedrine Oral Capsule [Advil Cold and Sinus],,,,,,,
1296892 Allegra Disintegrating Oral Product,,,,,,,
1494818 Lactobacillus reuteri Chewable Tablet [Pedia-Lax Probiotic],,,,,,,
1297012 Pepto-Bismol Children's Chewable Product,,,,,,,
435 Albuterol,,,,,,,
380812 Ibuprofen Extended Release Oral Capsule,,,,,,,
106212 Calamine,,,,,,,
1168631 Bayer Aspirin Pill,,,,,,,
1313850 Culturelle Chewable Product,,,,,,,
1099021 Cough Out,,,,,,,
1870386 Miralax Oral Powder Product,,,,,,,
1020023 cetirizine hydrochloride 10 MG Oral Capsule [Zyrtec],,,,,,,
196213 Fluoride Ion,,,,,,,
4511 Folic Acid,,,,,,,
30421 Mylanta,,,,,,,
41126 fluticasone,,,,,,,
1309239 Coconut Oil,,,,,,,
1297101 Delsym Oral Liquid Product,,,,,,,
1301669 Rezyst Probiotic Chewable Product,,,,,,,
283433 Melatonin 10 MG Oral Capsule,,,,,,,
1049517 Pseudoephedrine Hydrochloride 30 MG Oral Tablet [Genaphed],,,,,,,
1176452 Colace Pill,,,,,,,
20772 Chloraseptic,,,,,,,
802710 Halls,,,,,,,
1652071 Omega-3 carboxylic acids,,,,,,,
1193220 Diphenhydramine Hydrochloride 25 MG [Alka-Seltzer Plus Allergy],,,,,,,
1172080 Afrin Nasal Nasal Product,,,,,,,
798166 Orajel,,,,,,,
1987143 Cortizone Topical Product,,,,,,,
11251 Vitamin B Complex,,,,,,,
1494816 Pedia-Lax Probiotic,,,,,,,
577047 Vitamin B Complex 50 MG,,,,,,,
11256 Vitamin E,,,,,,,
1170794 Benadryl Topical Product,,,,,,,
1294702 Lozenge Product,,,,,,,
1187033 Zantac Pill,,,,,,,
1169640 Dimetapp Cold Oral Product,,,,,,,
1494819 Pedia-Lax Probiotic Oral Product,,,,,,,
21406 coenzyme Q10,,,,,,,
1114858 Melatonin / Vitamin B 12,,,,,,,
4885 Glutamine,,,,,,,
369196 Diphenhydramine Oral Tablet [Sominex],,,,,,,
1369748 Allerclear,,,,,,,
362317 Hydrocortisone Topical Cream [Pandel],,,,,,,
731370 Acetaminophen 80 MG Chewable Tablet [Tylenol],,,,,,,
880900 Sudafed Sinus & Pain,,,,,,,
1166659 Allegra Oral Liquid Product,,,,,,,
802059 Hydrocortisone 1.67 MG/ML Enema [Colocort],,,,,,,
829351 Dimetapp Nighttime Cold & Congestion,,,,,,,
1424279 Little Remedies for Colds Decongestant Plus Cough Oral Product,,,,,,,
1428980 Cetirizine Oral Solution [Pediacare Children's 24-Hr Allergy],,,,,,,
1171707 Delsym Oral Product,,,,,,,
804942 Dr. Scholl's,,,,,,,
2418 Cholecalciferol,,,,,,,
1543708 Vanicream Diaper Rash Topical Product,,,,,,,
377578 Aloe vera preparation Topical Lotion,,,,,,,
5032 Guaifenesin,,,,,,,
647295 ProAir,,,,,,,
1661102 Acetaminophen 160 MG [Pediacare Children's Fever Reducer Pain Reliever],,,,,,,
215568 Bayer Aspirin,,,,,,,
1296989 Fiber Choice Chewable Product,,,,,,,
1797935 Fluticasone propionate 0.05 MG/ACTUAT Metered Dose Nasal Spray [Nasoflow],,,,,,,
794611 Refresh Eye Itch Relief,,,,,,,
607032 Benadryl Itch Stopping,,,,,,,
1173504 Alavert D Pill,,,,,,,
1310123 Fluorine,,,,,,,
1183315 Mucinex Children's Cough Oral Product,,,,,,,
9863 Sodium Chloride,,,,,,,
3289 Dextromethorphan,,,,,,,
316074 Ibuprofen 200 MG,,,,,,,
9873 Sodium Fluoride,,,,,,,
332183 Melatonin 5 MG,,,,,,,
1441188 Lactobacillus acidophilus Chewable Tablet,,,,,,,
329012 Melatonin 3 MG,,,,,,,
1359354 Bacitracin 0.5 UNT/MG / Neomycin 0.0035 MG/MG / Polymyxin B 10 UNT/MG / Pramoxine hydrochloride 0.01 MG/MG Topical Ointment [Neosporin Plus Maximum Strength],,,,,,,
1157003 Naproxen / Pseudoephedrine Oral Product,,,,,,,
17128 lansoprazole,,,,,,,
6901 Methylphenidate,1,,,,,,
1176895 Tums Pill,,,,,,,
311372 Loratadine 10 MG Oral Tablet,,,,,,,
731536 Ibuprofen 100 MG Chewable Tablet [Advil],,,,,,,
352406 Alka-Seltzer Cold and Sinus,,,,,,,
1182398 Pataday Ophthalmic Product,,,,,,,
1184965 Maalox Antacid Barrier Oral Product,,,,,,,
898723 Benazepril hydrochloride 5 MG Oral Tablet,,,,,,,
1052951 Aquaphor,,,,,,,
1087050 Loratadine Oral Tablet [Wal-itin],,,,,,,
215510 B-12 Resin,,,,,,,
836397 Acetaminophen 325 MG / tramadol hydrochloride 37.5 MG Oral Tablet [Ultracet],,,,,,,
731529 Ibuprofen 50 MG Chewable Tablet [Advil],,,,,,,
1173788 Dermatin Topical Product,,,,,,,
1169638 Dimetapp Cold Drops Oral Liquid Product,,,,,,,
1296662 Mucinex Children's Cough Granule Product,,,,,,,
1161780 Vitamin K Pill,,,,,,,
1086791 Wal-Zyr,,,,,,,
332187 Melatonin 10 MG,,,,,,,
1296525 Dramamine Chewable Product,,,,,,,
1588 Biotin,,,,,,,
T126 Enzyme,,,,,,,
1801249 Aller-Flo Nasal Product,,,,,,,
1183488 Pediacare Multi Symptom Cold Oral Liquid Product,,,,,,,
1368912 Melatonin 6 MG,,,,,,,
315429 Aspirin 75 MG,,,,,,,
381228 Albuterol / Cromolyn Inhalant Solution,,,,,,,
792122 Melatonin 3 MG / theanine 40 MG Oral Tablet,,,,,,,
724555 Triaminic Cough & Sore Throat Reformulated Jul 2007,,,,,,,
88249 montelukast,,,,,,,
1550954 Diphenhydramine / Naproxen Pill,,,,,,,
365747 Calamine / pramoxine Topical Lotion [Calagesic],,,,,,,
206917 Ibuprofen 800 MG Oral Tablet [Ibu],,,,,,,
731535 Ibuprofen 100 MG Oral Tablet [Advil],,,,,,,
1483616 Wal-Dryl Allergy Disintegrating Oral Product,,,,,,,
316072 Ibuprofen 100 MG,,,,,,,
215822 Calci-Chew,,,,,,,
1159715 Guanfacine Pill,,,1,,,,
371364 Cetirizine Oral Tablet,,,,,,,
252732 Melatonin 5 MG Oral Tablet,,,,,,,
702442 Zicam Cough,,,,,,,
1233207 Eczemin Topical Product,,,,,,,
1237110 Acetaminophen 33.3 MG/ML / Dextromethorphan Hydrobromide 1 MG/ML / doxylamine succinate 0.417 MG/ML / Pseudoephedrine Hydrochloride 2 MG/ML Oral Solution,,,,,,,
1421423 1421423,,,,,,,
353037 Triaminic Cough,,,,,,,
1366499 Ahist Antihistamine Pill,,,,,,,
707958 Theraflu Flu & Chest Congestion,,,,,,,
91058 Chewable Tablet,,,,,,,
1172081 Afrin Nasal Product,,,,,,,
1168714 Children's Nyquil Cold and Cough Oral Product,,,,,,,
567613 Loratadine 10 MG [Claritin],,,,,,,
1245032 Melatonin 2.5 MG / Pyridoxine Hydrochloride 10 MG [Melatonex],,,,,,,
702024 Dristan 12-Hour Nasal Spray,,,,,,,
1869707 Flonase Sensimist,,,,,,,
727556 Dextromethorphan 5 MG / Guaifenesin 100 MG Oral Granules [Mucinex Children's Cough],,,,,,,
1020017 cetirizine hydrochloride 1 MG/ML Oral Solution [Aller-Tec],,,,,,,
1171649 Cough Out Oral Liquid Product,,,,,,,
316167 Loratadine 10 MG,,,,,,,
5933 Iodine,,,,,,,
1009084 Amoxicillin / Clonixin,,,,,,,
1545786 Dextromethorphan Hydrobromide 1 MG/ML / Guaifenesin 20 MG/ML Oral Solution [Robitussin Cough & Congestion],,,,,,,
688876 bismuth subsalicylate Oral Suspension [Maalox Total Stomach Relief],,,,,,,
315736 Vitamin B 12 0.1 MG/ML,,,,,,,
1185205 Pepcid Oral Liquid Product,,,,,,,
603256 Sudafed PE,,,,,,,
10761 Triamcinolone Acetonide,,,,,,,
8516 Polyethylene Glycols,,,,,,,
1187460 Zicam Cough Oral Product,,,,,,,
1168825 DayQuil Sinex Pill,,,,,,,
1164112 Miconazole Topical Product,,,,,,,
1186559 Vicks Vaposteam Inhalant Product,,,,,,,
1250207 robenacoxib Oral Tablet,,,,,,,
1165655 fluticasone Inhalant Product,,,,,,,
1421888 Dextromethorphan Hydrobromide 2 MG/ML / Guaifenesin 13.3 MG/ML / Pseudoephedrine Hydrochloride 4 MG/ML Oral Solution,,,,,,,
1926216 Benadryl Allergy Plus Congestion,,,,,,,
1187032 Zantac Oral Product,,,,,,,
1485604 Mucinex Stuffy Nose & Cold Oral Product,,,,,,,
201126 Ibuprofen 200 MG Oral Tablet [Motrin],,,,,,,
358330 Strattera,,,,1,,,
1187314 Tylenol PM Pill,,,,,,,
82000 Colace,,,,,,,
1608399 Culturelle Digestive Health Chewable Product,,,,,,,
1092092 Diphenhydramine Hydrochloride 25 MG [Compoz],,,,,,,
672676 Mucinex Cough,,,,,,,
316168 Loratadine 5 MG,,,,,,,
1171346 Advil Oral Product,,,,,,,
1296363 Singulair Chewable Product,,,,,,,
260053 ELDERBERRY FRUIT,,,,,,,
1171558 Clarinex Oral Liquid Product,,,,,,,
370677 Ibuprofen / Pseudoephedrine Oral Suspension,,,,,,,
369184 Diphenhydramine Oral Tablet [Twilite],,,,,,,
10759 Triamcinolone,,,,,,,
1151130 Nasal Product,,,,,,,
1088550 Melatonin 5 MG / pyridoxine 10 MG Oral Tablet,,,,,,,
211965 Vitamin B 12 1 MG Oral Tablet [B-12 Resin],,,,,,,
1191693 bismuth subsalicylate 525 MG,,,,,,,
9796 Simethicone,,,,,,,
153376 Nasonex,,,,,,,
1014673 cetirizine hydrochloride 1 MG/ML Oral Solution,,,,,,,
1181683 Neosporin Ointment Ophthalmic Product,,,,,,,
393388 Loratadine / Pseudoephedrine Oral Tablet,,,,,,,
1482533 cetirizine hydrochloride 1 MG/ML Oral Solution [Wal Zyr 24 Hour Allergy],,,,,,,
1053259 Dimetapp Children's Cold and Allergy Reformulated Jan 2011,,,,,,,
3288 Dextroamphetamine,,1,,,,,
6750 Menthol,,,,,,,
1154070 Aspirin Pill,,,,,,,
1296063 Halls Lozenge Product,,,,,,,
1294716 Chewable Product,,,,,,,
1164013 Hydrocortisone Topical Product,,,,,,,
1366498 Ahist Antihistamine Oral Product,,,,,,,
1170799 Benadryl-D Fastmelt Allergy and Sinus Pill,,,,,,,
219861 Senna Lax,,,,,,,
1114364 Chlorpheniramine / Dextromethorphan Oral Solution [Children's Nyquil Cold and Cough],,,,,,,
1181121 Neo-Polycin Ophthalmic Product,,,,,,,
578742 Cod Liver Oil 1000 MG,,,,,,,
1172035 Advil PM Liqui Gels Pill,,,,,,,
316958 Nasal Drops,,,,,,,
1296133 Lactaid Chewable Product,,,,,,,
211151 bismuth subsalicylate 262 MG Chewable Tablet [Pepto-bismol],,,,,,,
1159786 Melatonin Pill,,,,,,,
315454 Bacitracin 0.5 UNT/MG,,,,,,,
1039922 Hydrocortisone Topical Cream [Maximum-H],,,,,,,
1235728 Calcium Carbonate Chewable Tablet [Calcid],,,,,,,
6146 Ketotifen,,,,,,,
219862 Senna-Relief Childs,,,,,,,
1301668 Rezyst Probiotic Pill,,,,,,,
1020126 Loratadine 10 MG Oral Tablet [Loradamed],,,,,,,
1545784 Robitussin Cough & Congestion Oral Liquid Product,,,,,,,
1547604 Robitussin Children's Nighttime Cough Long-Acting DM Oral Product,,,,,,,
1811889 Align Chewable Product,,,,,,,
1181544 Triaminic Night Time Cold & Cough Oral Product,,,,,,,
1092428 Diphenhydramine Hydrochloride 20 MG/ML / Zinc Acetate 1 MG/ML Topical Cream [Banophen Cream],,,,,,,
364092 Diphenhydramine Oral Solution [Siladryl],,,,,,,
215497 Ayr Saline Nasal,,,,,,,
11246 Vitamin A,,,,,,,
1180816 Sudafed Oral Liquid Product,,,,,,,
1297098 Triaminic Night Time Cold & Cough Oral Strip Product,,,,,,,
1014645 cetirizine hydrochloride 5 MG Chewable Tablet [Zyrtec],,,,,,,
685548 POLYETHYLENE GLYCOL 3350 Oral Solution [Miralax],,,,,,,
1236207 Dextromethorphan Hydrobromide 1 MG/ML / doxylamine succinate 0.417 MG/ML Oral Solution [Nyquil Cough],,,,,,,
351246 montelukast 4 MG Oral Granules,,,,,,,
1090510 Loratadine 10 MG [Wal-vert],,,,,,,
668469 Loratadine 5 MG Chewable Tablet [Claritin],,,,,,,
1176475 ColdCough PD Oral Product,,,,,,,
1165335 Loratadine Oral Liquid Product,,,,,,,
1010729 PureLax,,,,,,,
1539993 Little Colds Mucus Relief Oral Product,,,,,,,
1152873 Amoxicillin / Clavulanate Oral Liquid Product,,,,,,,
1170903 Ciprodex Otic Product,,,,,,,
1298251 Rexall,,,,,,,
1185218 Pepto Diarrhea Control Pill,,,,,,,
1307788 VETIVER OIL,,,,,,,
1100198 docosahexaenoic acid 250 MG Oral Capsule,,,,,,,
1926563 Tylenol Cold Plus Cough Plus Sore Throat Oral Liquid Product,,,,,,,
1162176 Lactobacillus Oral Product,,,,,,,
702200 Ibuprofen / Pseudoephedrine Oral Suspension [Advil Children's Cold],,,,,,,
1651595 Jasminum officinale leaf extract,,,,,,,
702290 Dextromethorphan 1 MG/ML / Phenylephrine 0.5 MG/ML Oral Solution [Pediacare Multi Symptom Cold],,,,,,,
1242391 24 HR Loratadine 10 MG / Pseudoephedrine sulfate 240 MG Extended Release Oral Tablet [Claritin-D],,,,,,,
880350 880350,,,,,,,
126542 Nasal Spray,,,,,,,
1164958 calcium acetate Oral Liquid Product,,,,,,,
83156 Prevacid,,,,,,,
7258 Naproxen,,,,,,,
1046270 1046270,,,,,,,
1296098 Caltrate Gummy Bites Chewable Product,,,,,,,
1181508 Triaminic Cough Oral Product,,,,,,,
1540831 Acetaminophen Oral Tablet [Fortolin],,,,,,,
203748 Zerit,,,,,,,
1161594 Lactase Pill,,,,,,,
692906 Triaminic Day Time Cold & Cough,,,,,,,
407884 L-methylfolate,,,,,,,
880403 ClearLax,,,,,,,
795819 Lactase 9000 UNT Chewable Tablet [Lactaid],,,,,,,
1155230 Acetaminophen / Chlorpheniramine / Dextromethorphan / Pseudoephedrine Oral Product,,,,,,,
1301665 Saccharomyces boulardii 250 MG [Rezyst Probiotic],,,,,,,
1242406 12 HR Loratadine 5 MG / Pseudoephedrine sulfate 120 MG Extended Release Oral Tablet [Claritin-D],,,,,,,
1296391 Gel-Kam Oral Gel Product,,,,,,,
8588 Potassium,,,,,,,
310965 Ibuprofen 200 MG Oral Tablet,,,,,,,
"36387 sennosides, USP",,,,,,,
1168823 DayQuil Cough Oral Product,,,,,,,
285039 Abreva,,,,,,,
313720 Vitamin E 26.7 UNT/ML Oral Solution,,,,,,,
994909 Omega-3 Acid Ethyl Esters (USP) 100 MG,,,,,,,
236146 dextromethorphan polistirex,,,,,,,
830645 830645,,,,,,,
1442722 Eucerin Eczema Relief Topical Product,,,,,,,
1186132 Theraflu Flu & Chest Congestion Oral Product,,,,,,,
1235731 Calcium Carbonate 500 MG Chewable Tablet [Calcid],,,,,,,
352404 Alka-Seltzer Anti-Gas,,,,,,,
1310213 American elderberry extract,,,,,,,
1112713 Diphenhydramine Hydrochloride 2.5 MG/ML Oral Solution [Correct Dose Childrens Allergy Relief],,,,,,,
827701 Dextromethorphan 1 MG/ML / Phenylephrine 0.5 MG/ML [Sudafed PE Children's Cold & Cough],,,,,,,
1364855 Ascorbic Acid 60 MG / Folic Acid 0.3 MG / Niacin 13.5 MG / Riboflavin 1.2 MG / Sodium Fluoride 2.2 MG / Thiamine 1.05 MG / Vitamin A 2500 UNT / Vitamin B 12 0.0045 MG / Vitamin B6 1.05 MG / Vitamin D 400 UNT / Vitamin E 15 UNT Chewable Tablet,,,,,,,
898374 Benazepril hydrochloride 20 MG / Hydrochlorothiazide 25 MG [Lotensin HCT],,,,,,,
379216 Acetaminophen / phenyltoloxamine Oral Solution,,,,,,,
1608379 Ledum palustre whole extract,,,,,,,
115713 montelukast sodium,,,,,,,
4556 Framycetin,,,,,,,
1250686 Fiber Choice,,,,,,,
370882 Amoxicillin Injectable Solution,,,,,,,
801156 ColdCough PD,,,,,,,
301543 Advair,,,,,,,
1171650 Cough Out Oral Product,,,,,,,
6802 Metamucil,,,,,,,
1926560 Tylenol Cold Plus Cough Plus Sore Throat,,,,,,,
1170374 Dimetapp ND Oral Product,,,,,,,
332603 Melatonin 0.2 MG,,,,,,,
1181543 Triaminic Night Time Cold & Cough Oral Liquid Product,,,,,,,
215850 Caltrate,,,,,,,
1187065 Tylenol Childrens Plus Cough & Sore Throat Oral Product,,,,,,,
900604 Aller-Tec D,,,,,,,
417424 Salicylic Acid 10 MG/ML Topical Cream,,,,,,,
705621 Vitamin D 80 UNT/ML,,,,,,,
1180614 Phillips' Cramp-free Pill,,,,,,,
1049420 GentleLax,,,,,,,
2669 Cod Liver Oil,,,,,,,
904158 POLYETHYLENE GLYCOL 3350 420000 MG / Potassium Chloride 1480 MG / Sodium Bicarbonate 5720 MG / Sodium Chloride 11200 MG Powder for Oral Solution [TriLyte],,,,,,,
142442 142442,,,,,,,
1020124 Loratadine 10 MG [Loradamed],,,,,,,
329156 Ranitidine 75 MG,,,,,,,
701329 Benadryl-D Allergy and Sinus,,,,,,,
316508 Phenylephrine 5 MG,,,,,,,
1008805 Omega-3 Acid Ethyl Esters (USP) / Vitamin E,,,,,,,
492513 Sarna,,,,,,,
393435 Omeprazole Oral Tablet,,,,,,,
1166674 Aller-Tec D Oral Product,,,,,,,
1159788 Melphalan Oral Product,,,,,,,
9346 Riboflavin,,,,,,,
1295139 Loratadine Chewable Product,,,,,,,
1180999 Triaminic Cough Oral Liquid Product,,,,,,,
1294014 Brompheniramine Maleate 2 MG,,,,,,,
1012566 hydrocortisone acetate 0.025 MG/MG / Lidocaine Hydrochloride 0.03 MG/MG [Lidocort],,,,,,,
1797933 Fluticasone propionate 0.05 MG/ACTUAT Metered Dose Nasal Spray [Flonase],,,,,,,
217119 Fiber Tab,,,,,,,
242026 Melatonin 3 MG Extended Release Oral Tablet,,,,,,,
4492 Fluorouracil,,,,,,,
639566 Vitamin B6 50 MG Oral Tablet,,,,,,,
352148 Sodium Chloride 0.154 MEQ/ML Nasal Spray [Simply Saline],,,,,,,
23386 diphenylpyraline,,,,,,,
1422917 Vicks 44D Pediatric Oral Liquid Product,,,,,,,
108118 Mometasone,,,,,,,
7812 Oxymetazoline,,,,,,,
10831 Sulfamethoxazole / Trimethoprim,,,,,,,
316984 316984,,,,,,,
1362751 Melatonin Chewable Product,,,,,,,
281 Acyclovir,,,,,,,
252761 coenzyme Q10 100 MG Oral Capsule,,,,,,,
1020025 cetirizine hydrochloride 10 MG Oral Tablet [Alleroff],,,,,,,
6672 Mebendazole,,,,,,,
884751 Docosahexaenoate / Eicosapentaenoate / Omega-3 Acid Ethyl Esters (USP) Oral Capsule [Ocean Blue Nutritionals Omega-3 1450],,,,,,,
1177839 Tagamet Pill,,,,,,,
4850 4850,,,,,,,
317008 Tincture,,,,,,,
1185354 Robafen AC Oral Product,,,,,,,
829600 PediaCare Children's Allergy,,,,,,,
1425315 Acetaminophen 325 MG / Chlorpheniramine Maleate 6.25 MG / Dextromethorphan Hydrobromide 15 MG Oral Tablet,,,,,,,
731527 Ibuprofen 50 MG [Advil],,,,,,,
1098477 Sodium Fluoride / Xylitol Chewable Tablet [Fluor a Day Chewable],,,,,,,
643092 Wal-Phed,,,,,,,
1991944 Cetirizine Oral Tablet [Aller-Tec],,,,,,,
34822 Protein S,,,,,,,
316992 Oral Lozenge,,,,,,,
216246 Cortizone-10,,,,,,,
836338 Loratadine 10 MG Oral Capsule [Claritin],,,,,,,
219233 219233,,,,,,,
212342 Vitamin B Complex Oral Tablet,,,,,,,
1174143 Alavert Pill,,,,,,,
7623 Ofloxacin,,,,,,,
1296571 Alavert Disintegrating Oral Product,,,,,,,
1926552 Sudafed PE Sinus Congestion plus Allergy,,,,,,,
1181395 Sudafed Pill,,,,,,,
1369752 Allerclear Pill,,,,,,,
1190203 Robitussin Cough Gels,,,,,,,
1307971 Stevia rebaudiuna leaf extract,,,,,,,
206805 Loratadine 10 MG Oral Tablet [Claritin],,,,,,,
997155 Diphenhydramine Hydrochloride 2.5 MG/ML,,,,,,,
700794 Wal-itin,,,,,,,
1540530 Gold Bond Ultimate Eczema Relief Topical Product,,,,,,,
1014672 cetirizine hydrochloride 1 MG/ML,,,,,,,
1088846 Diphenhydramine Hydrochloride 25 MG / Phenylephrine Hydrochloride 10 MG Oral Tablet [Benadryl-D Allergy and Sinus],,,,,,,
198215 Sodium Fluoride 0.55 MG Chewable Tablet,,,,,,,
202384 Chlor-Trimeton,,,,,,,
343086 lansoprazole 15 MG,,,,,,,
371892 Diphenhydramine Oral Tablet,,,,,,,
316078 Ibuprofen 800 MG,,,,,,,
316070 hydroxyurea 500 MG,,,,,,,
1171335 Advil Children's Cold Oral Liquid Product,,,,,,,
1044532 Calcium Carbonate 750 MG Chewable Tablet [Tums],,,,,,,
479467 Ear Drops,,,,,,,
356887 levocetirizine,,,,,,,
1183328 Mucinex DM Oral Liquid Product,,,,,,,
362305 Hydrocortisone / Iodoquinol Topical Cream [Vytone],,,,,,,
813927 calcium lactate / Thiamine,,,,,,,
1296174 Mucinex Granule Product,,,,,,,
827148 Align,,,,,,,
1374858 docosahexaenoic acid 50 MG Chewable Tablet,,,,,,,
1295331 fructooligosaccharide / Lactobacillus acidophilus Chewable Product,,,,,,,
466563 Polyethylene Glycols / Propylene glycol,,,,,,,
1293083 Zinc Oxide 0.4 MG/MG Topical Ointment [Boudreauxs Butt Paste],,,,,,,
1307313 POLYETHYLENE GLYCOL 800,,,,,,,
1165656 fluticasone Nasal Product,,,,,,,
687620 Benefiber,,,,,,,
1187462 Zicam Cough Plus D Oral Product,,,,,,,
568572 Vitamin K 1 5 MG [Mephyton],,,,,,,
9641 Selenium,,,,,,,
1425342 Wal-Tussin Chest Congestion,,,,,,,
216069 Citracal,,,,,,,
214807 Pseudoephedrine / Triprolidine,,,,,,,
1494817 Lactobacillus reuteri 100000000 UNT [Pedia-Lax Probiotic],,,,,,,
1366500 Chlorcyclizine hydrochloride 25 MG Oral Tablet [Ahist Antihistamine],,,,,,,
1151224 Acetaminophen / Guaifenesin / Phenylephrine Pill,,,,,,,
1427294 Repara Triple Antibiotic,,,,,,,
1158428 Diphenhydramine / Phenylephrine Oral Liquid Product,,,,,,,
1154466 Calcium Citrate / Vitamin D Pill,,,,,,,
1245454 Dextromethorphan Hydrobromide 2 MG/ML / Guaifenesin 20 MG/ML Oral Solution [Robafen DM],,,,,,,
1171596 Clear Eyes Complete Ophthalmic Product,,,,,,,
707593 Ketotifen Ophthalmic Solution [Alaway],,,,,,,
217263 Gas-X,,,,,,,
203167 Keflex,,,,,,,
144450 docosahexaenoic acid,,,,,,,
90120 Magnesium salt,,,,,,,
1112710 Correct Dose Childrens Allergy Relief,,,,,,,
319834 Elderberry preparation,,,,,,,
218598 Naphcon A,,,,,,,
1421428 Dextromethorphan Hydrobromide 5 MG / Menthol 5 MG Oral Lozenge [Delsym Cough Plus Soothing Action],,,,,,,
8164 Phenylephrine Hydrochloride,,,,,,,
1165356 Lutein / zeaxanthin Oral Product,,,,,,,
52356 magnesium citrate,,,,,,,
"385064 Sodium Fluoride / Sodium Phosphate, Monobasic Toothpaste",,,,,,,
220814 Vicks 44E,,,,,,,
135391 olopatadine,,,,,,,
569951 Acetaminophen 325 MG / butalbital 50 MG [Tencon],,,,,,,
804594 Brompheniramine / Dextromethorphan / Phenylephrine Oral Tablet,,,,,,,
729762 729762,,,,,,,
313706 Vitamin D 400 UNT Oral Tablet,,,,,,,
1014677 cetirizine hydrochloride 5 MG Oral Tablet [Zyrtec],,,,,,,
1310844 Bacillus coagulans,,,,,,,
1007373 Ibuprofen / Vitamin B 12,,,,,,,
1177101 Prevacid Oral Product,,,,,,,
316637 Riboflavin 100 MG,,,,,,,
217152 Flovent,,,,,,,
1049909 Diphenhydramine Hydrochloride 25 MG Oral Capsule,,,,,,,
352975 Simply Saline,,,,,,,
1183320 Mucinex Cough Oral Liquid Product,,,,,,,
1297043 Zofran Disintegrating Oral Product,,,,,,,
153374 153374,,,,,,,
692909 Dextromethorphan Hydrobromide 1 MG/ML / Phenylephrine Hydrochloride 0.5 MG/ML Oral Solution [Triaminic Day Time Cold & Cough],,,,,,,
376616 Cod Liver Oil Oral Capsule,,,,,,,
1168824 DayQuil Sinex Oral Product,,,,,,,
1441295 Aconitum lycoctonum extract,,,,,,,
1547603 Robitussin Children's Nighttime Cough Long-Acting DM Oral Liquid Product,,,,,,,
316894 Vitamin D 1000 UNT,,,,,,,
217332 GenTeal,,,,,,,
1312645 PAPAYA JUICE,,,,,,,
1371201 Robitussin Nighttime Cough DM Oral Product,,,,,,,
1020016 cetirizine hydrochloride 1 MG/ML [Aller-Tec],,,,,,,
1150094 Bifidobacterium lactis,,,,,,,
1435866 Polygonatum multiflorum whole extract,,,,,,,
6205 Lactobacillus acidophilus,,,,,,,
285246 Plantain preparation,,,,,,,
6135 Ketoconazole,,,,,,,
1432529 Rolaids Regular Strength,,,,,,,
1152445 Cetirizine Oral Liquid Product,,,,,,,
540432 Acetaminophen 250 MG / salicylamide 600 MG [Frenadol],,,,,,,
1114883 Turmeric extract,,,,,,,
1110806 Triamcinolone Acetonide 0.0005 MG/MG Topical Ointment [Trianex],,,,,,,
384491 Glutamine Oral Powder,,,,,,,
1362753 Melatonin 2.5 MG Chewable Tablet,,,,,,,
367832 Magnesium Oxide Oral Tablet [Mag-Ox 400],,,,,,,
1154026 Apple Cider Vinegar Oral Product,,,,,,,
701624 Vitamin D 260 UNT,,,,,,,
1154605 Albuterol Oral Product,,,,,,,
705209 Lutein 10 MG Oral Tablet,,,,,,,
1670410 Bacillus coagulans Chewable Product,,,,,,,
1110805 Triamcinolone Topical Ointment [Trianex],,,,,,,
1795958 Aller-Flo,,,,,,,
1313851 Culturelle Pill,,,,,,,
1661687 Goody's Back & Body Pain Relief Oral Liquid Product,,,,,,,
1867688 DayQuil HBP Oral Product,,,,,,,
216171 Compound W brand of salicylic acid,,,,,,,
1186131 Theraflu Flu & Chest Congestion Oral Liquid Product,,,,,,,
370863 370863,,,,,,,
1608063 Wal-Dryl PE Oral Product,,,,,,,
1152951 Ascorbic Acid Pill,,,,,,,
1170137 Benadryl Children's Anti-Itch Topical Product,,,,,,,
315253 Acetaminophen 160 MG,,,,,,,
8928 Psyllium,,,,,,,
28486 lavender oil,,,,,,,
1366497 chlorcyclizine Oral Tablet [Ahist Antihistamine],,,,,,,
203155 Diphenylpyraline hydrochloride,,,,,,,
884822 Omega-3 Acid Ethyl Esters (USP) 340 MG,,,,,,,
567715 Ibuprofen 600 MG [Ibu],,,,,,,
1179329 Nasacort Inhalant Product,,,,,,,
1418 1418,,,,,,,
619044 Folic Acid Oral Tablet,,,,,,,
373752 Ranitidine Oral Tablet,,,,,,,
5833 Inositol,,,,,,,
1167119 Gaviscon Oral Product,,,,,,,
1314320 OREGANO LEAF OIL,,,,,,,
1247756 Docusate Sodium 100 MG Oral Capsule [Colace],,,,,,,
1535703 Dr. Cocoa Nighttime Cough and Cold,,,,,,,
1170962 Cortizone-10 Topical Product,,,,,,,
1536446 Pediacare Nighttime Multi-Symptom Cold Oral Product,,,,,,,
1181536 Triaminic Long-Acting Cough & Cold Oral Product,,,,,,,
215811 Caladryl,,,,,,,
218205 Mapap,,,,,,,
1666764 Dramamine Non-Drowsy Pill,,,,,,,
315966 Folic Acid 1 MG,,,,,,,
151672 Dulcolax,,,,,,,
352654 Focalin,1,,,,,,
1147373 Lactobacillus acidophilus 35000000 UNT,,,,,,,
8163 Phenylephrine,,,,,,,
1183325 Mucinex DM Pill,,,,,,,
1158072 Magnesium malate Oral Product,,,,,,,
"1495153 Fatty Acids, Omega-6",,,,,,,
1442154 Off! Explore Topical Product,,,,,,,
1542382 Phenylephrine Hydrochloride 10 MG/ML [Vazculep],,,,,,,
1039686 Tiger Balm,,,,,,,
6579 Magnesium Chloride,,,,,,,
370672 Ibuprofen Oral Suspension,,,,,,,
1169629 Dimetapp Children's Cold and Allergy Oral Product,,,,,,,
353035 Triaminic Cold and Allergy,,,,,,,
1164557 Ginkgo biloba extract Oral Product,,,,,,,
570831 Simethicone 125 MG [Phazyme],,,,,,,
3013 Cyproheptadine,,,,,,,
1313830 Bacillus coagulans 50000000 UNT,,,,,,,
1309461 Sambucus nigra subsp. canadensis flowering top extract,,,,,,,
486456 methylfolic acid,,,,,,,
"404183 sennosides, USP 8.6 MG Oral Tablet [Senna Lax]",,,,,,,
1309250 olive oil,,,,,,,
1294475 Bacitracin 0.4 UNT/MG / Neomycin 0.0035 MG/MG / Polymyxin B 5 UNT/MG Topical Ointment [Atopalm First Aid],,,,,,,
1310067 Punica granatum seed extract,,,,,,,
1169435 C-500-Gr Pill,,,,,,,
1694 Bonine,,,,,,,
372972 Mupirocin Topical Ointment,,,,,,,
1309807 Cynanchum vincetoxicum root extract,,,,,,,
405292 Refresh Liquigel,,,,,,,
10962 Tyrosine,,,,,,,
1599 Bismuth,,,,,,,
1242329 Lactobacillus acidophilus Oral Capsule [Florajen],,,,,,,
1295874 Pedia-Lax Chewable Chewable Product,,,,,,,
692911 Triaminic Night Time Cold & Cough,,,,,,,
1242330 Lactobacillus acidophilus 20000000000 UNT Oral Capsule [Florajen],,,,,,,
1425345 Wal-Tussin Chest Congestion Oral Liquid Product,,,,,,,
643043 Wal-Zan,,,,,,,
1369755 Loratadine 10 MG / Pseudoephedrine sulfate 240 MG [Allerclear],,,,,,,
998233 Oasis Tears,,,,,,,
1314975 Ivarest Maximum Strength Topical Product,,,,,,,
1187007 Visine-A Ophthalmic Product,,,,,,,
1174144 Alaway Ophthalmic Product,,,,,,,
1741414 Cholecalciferol / menatetrenone Pill,,,,,,,
1009020 Calcium Carbonate / Calcium Gluconate / Vitamin D,,,,,,,
1180817 Sudafed Oral Product,,,,,,,
884750 docosahexaenoic acid 500 MG / Eicosapentaenoic Acid 760 MG / Omega-3 Acid Ethyl Esters (USP) 190 MG [Ocean Blue Nutritionals Omega-3 1450],,,,,,,
1535368 Dextromethorphan Hydrobromide 1 MG/ML / Phenylephrine Hydrochloride 0.5 MG/ML [Dr. Cocoa Daytime Cough and Cold],,,,,,,
70618 Penicillin,,,,,,,
1313966 5-methyltetrahydrofolic acid,,,,,,,
9793 9793,,,,,,,
1307965 Centella asiatica leaf homeopathic preparation,,,,,,,
8887 Ventolin,,,,,,,
219712 Robitussin Pediatric Cough & Cold,,,,,,,
331386 Dextromethorphan 2.5 MG/ML,,,,,,,
6204 Lactobacillus,,,,,,,
3251 desmopressin,,,,,,,
827679 Guaifenesin 20 MG/ML Oral Solution [Robitussin Chest Congestion],,,,,,,
218893 Opcon-A,,,,,,,
1169793 Flovent Inhalant Product,,,,,,,
1151710 CHAMOMILE FLOWERS Oral Product,,,,,,,
1182640 Simply Saline Nasal Product,,,,,,,
1310658 Culturelle Oral Product,,,,,,,
828557 Acetaminophen 160 MG Chewable Tablet [Tylenol],,,,,,,
361796 Albuterol 2.5 MG/ACTUAT,,,,,,,
47613 Calcium Citrate,,,,,,,
42372 Mupirocin,,,,,,,
1374727 Clear Eyes Tears,,,,,,,
1358966 Orange juice,,,,,,,
330228 Sodium Fluoride 1.1 MG,,,,,,,
11248 Vitamin B 12,,,,,,,
142153 Albuterol Sulfate,,,,,,,
5553 Hydroxyzine,,,,,,,
1166103 B-12 Resin Pill,,,,,,,
375556 Lutein Oral Capsule,,,,,,,
2400 Chlorpheniramine,,,,,,,
33094 Peppermint oil,,,,,,,
152318 Risperdal,,,,,,,1
1042785 Eucalyptus oil 0.01 MG/MG,,,,,,,
73 Docosahexaenoate,,,,,,,
1540455 Powder for Oral Solution,,,,,,,
827231 PediaCare Children's Multi-Symptom Cold,,,,,,,
376318 valerian root extract Oral Solution,,,,,,,
25689 Gelusil,,,,,,,
1427085 Pepper extract,,,,,,,
1046498 Proactiv Cleansing,,,,,,,
91263 Aloe Extract,,,,,,,
792242 Ibuprofen 100 MG Chewable Tablet [Motrin],,,,,,,
1166677 Aller-Tec Oral Product,,,,,,,
827261 Sudafed PE Children's Cold & Cough,,,,,,,
1650994 Loratadine 10 MG Oral Tablet [Cleartime Indoor & Outdoor Allergies],,,,,,,
1424873 MAGNESIUM PALMITATE,,,,,,,
1437306 Diphenhydramine Hydrochloride 1.67 MG/ML Oral Solution [ZZZ Sleep],,,,,,,
1495174 Broncolin Cough Lozenge Product,,,,,,,
1101918 Ibuprofen Oral Tablet [Counteract IB],,,,,,,
1661542 Pyrantel Pamoate 720.5 MG,,,,,,,
1311152 Hyoscyamus niger extract,,,,,,,
792121 Melatonin / theanine Oral Tablet,,,,,,,
997482 Fexofenadine hydrochloride 30 MG Disintegrating Oral Tablet,,,,,,,
1174959 Lac-Dose Pill,,,,,,,
197805 Ibuprofen 400 MG Oral Tablet,,,,,,,
332148 Magnesium Oxide 250 MG,,,,,,,
285223 Cat's Claw preparation,,,,,,,
1166579 Ibudone Oral Product,,,,,,,
375034 diphenylpyraline Oral Tablet,,,,,,,
1170796 Benadryl-D Allergy and Sinus Oral Product,,,,,,,
1180992 Triaminic Cough & Runny Nose Oral Product,,,,,,,
1020139 Pediacare Children's Cough and Congestion,,,,,,,
1101749 Midol Teen,,,,,,,
967523 Omeprazole 20 MG [Omesec],,,,,,,
38400 atomoxetine,,,,1,,,
1186681 Zyrtec-D Pill,,,,,,,
4910 Glycerin,,,,,,,
1171338 Advil Cold and Sinus Pill,,,,,,,
1020125 Loratadine Oral Tablet [Loradamed],,,,,,,
1170620 Adderall Pill,,1,,,,,
1175503 Aleve Pill,,,,,,,
1364854 Ascorbic Acid 60 MG / Folic Acid 0.3 MG / Niacin 13.5 MG / Riboflavin 1.2 MG / Sodium Fluoride 1.1 MG / Thiamine 1.05 MG / Vitamin A 2500 UNT / Vitamin B 12 0.0045 MG / Vitamin B6 1.05 MG / Vitamin D 400 UNT / Vitamin E 15 UNT Chewable Tablet,,,,,,,
1244926 Viactiv Calcium Plus D,,,,,,,
1946949 Dayquil Cough & Congestion,,,,,,,
1092375 Acetaminophen 33.3 MG/ML / Diphenhydramine Hydrochloride 1.67 MG/ML Oral Solution [Tylenol PM],,,,,,,
1722692 Aspirin / Calcium Carbonate Oral Tablet [Bayer Womens],,,,,,,
672797 Mucinex Children's Cough,,,,,,,
1185222 Pepto-bismol Oral Product,,,,,,,
1165954 Abreva Topical Product,,,,,,,
1593732 Lidocaine Hydrochloride 32.5 MG/ML,,,,,,,
8985 Pyrantel Pamoate,,,,,,,
882495 Pyrantel Oral Suspension [Sure Shot 2X],,,,,,,
644385 Ibuprofen Oral Capsule [Wal-Profen],,,,,,,
244492 Hydrocortisone 5 MG/ML Topical Lotion,,,,,,,
865093 Melatonin 1 MG / pyridoxine 10 MG Oral Tablet,,,,,,,
1169630 Dimetapp Children's Cold and Allergy Reformulated Jan 2011 Oral Liquid Product,,,,,,,
1165337 Loratadine Pill,,,,,,,
1181684 Neosporin Ointment Topical Product,,,,,,,
744485 fluticasone / salmeterol Metered Dose Inhaler,,,,,,,
262110 Chloraseptic Spray,,,,,,,
854758 Ibuprofen 200 MG [MIdol Cramps & Bodyaches],,,,,,,
1008440 Ibuprofen / Scopolamine,,,,,,,
1187092 Tylenol Cold Relief Nighttime Oral Product,,,,,,,
1014643 cetirizine hydrochloride 5 MG Chewable Tablet,,,,,,,
1175505 Aleve-D Pill,,,,,,,
1178682 Midol Teen Oral Product,,,,,,,
1177118 Qvar Inhalant Product,,,,,,,
1294887 Melatonin Lozenge Product,,,,,,,
333435 Vitamin D 10000 UNT,,,,,,,
1186557 Vicks VapoDrops Oral Product,,,,,,,
8640 Prednisone,,,,,,,
687225 Albuterol / Beclomethasone,,,,,,,
1241624 Wal-Tussin DM Max,,,,,,,
1801247 Qnasl Nasal Product,,,,,,,
1485603 Mucinex Stuffy Nose & Cold Oral Liquid Product,,,,,,,
1187330 Tylenol Sinus Congestion and Pain Daytime Oral Product,,,,,,,
226084 Qvar,,,,,,,
1869711 Flonase Sensimist Nasal Product,,,,,,,
1187091 Tylenol Cold Relief Nighttime Oral Liquid Product,,,,,,,
1088549 Acetaminophen 32 MG/ML / Phenylephrine Hydrochloride 0.5 MG/ML Oral Suspension [Tylenol Sinus Congestion and Pain Daytime],,,,,,,
1179158 Lodine Pill,,,,,,,
1161168 Vitamin B6 Oral Product,,,,,,,
311248 Lactase 9000 UNT Oral Tablet,,,,,,,
1178348 Robitussin Pediatric Cough & Cold Oral Product,,,,,,,
1177159 Robitussin DM Oral Liquid Product,,,,,,,
1170731 Kids-Eeze Allergy Pill,,,,,,,
603849 Mucinex D,,,,,,,
1488577 Biotin / Panthenol,,,,,,,
1185220 Pepto-Bismol Children's Pill,,,,,,,
1291 Bacitracin,,,,,,,
1176894 Tums Oral Product,,,,,,,
1597307 Midol Complete,,,,,,,
1792131 Dr Scholl's Clear Away Wart Remover,,,,,,,
370673 Ibuprofen Chewable Tablet,,,,,,,
405058 Excedrin Tension Headache,,,,,,,
1170377 Dimetapp Nighttime Cold & Congestion Oral Product,,,,,,,
1797932 fluticasone Metered Dose Nasal Spray [Flonase],,,,,,,
216360 Dairy Ease,,,,,,,
62356 Folate,,,,,,,
347099 Sodium Fluoride 2.21 MG Chewable Tablet,,,,,,,
1722330 Ibuprofen / Phenylephrine Oral Tablet [Advil Sinus Congestion and Pain],,,,,,,
1178683 Midol Teen Pill,,,,,,,
203214 Diclofenac Sodium,,,,,,,
284635 fluticasone / salmeterol,,,,,,,
1185221 Pepto-bismol Oral Liquid Product,,,,,,,
1100259 Iron Carbonyl 20 MG,,,,,,,
142102 Ibuprofen 50 MG/ML Topical Spray,,,,,,,
313019 Sodium Chloride Nasal Solution,,,,,,,
1180460 Mirapex Oral Product,,,,,,,
1179908 Pamprin Multi-Symptom Pill,,,,,,,
993781 Acetaminophen 300 MG / Codeine Phosphate 30 MG Oral Tablet,,,,,,,
1163565 Pseudoephedrine / Triprolidine Pill,,,,,,,
1166663 Allegra-D Pill,,,,,,,
900434 Ibuprofen 200 MG Oral Tablet [Addaprin],,,,,,,
374931 Calendula officinalis extract Topical Ointment,,,,,,,
616568 calcium phosphate 112 MG / Melatonin 3 MG Oral Tablet,,,,,,,
10337 Taurine,,,,,,,
1011485 cetirizine hydrochloride 10 MG Disintegrating Oral Tablet [Zyrtec],,,,,,,
204625 Riboflavin 100 MG Oral Tablet,,,,,,,
1303807 Melatonin 10 MG / Vitamin B6 10 MG Extended Release Oral Tablet,,,,,,,
1176313 Ayr Saline Nasal Nasal Product,,,,,,,
1086792 cetirizine hydrochloride 10 MG [Wal-Zyr],,,,,,,
1437779 1437779,,,,,,,
1649960 ProAir Inhalant Product,,,,,,,
1098348 Eucerin Calming Itch Relief,,,,,,,
1094115 Echinacea angustifolia root extract 100 MG / Echinacea purpurea root extract 400 MG Oral Capsule,,,,,,,
1176474 ColdCough PD Oral Liquid Product,,,,,,,
366333 Docusate Oral Capsule [Fleet Sof-Lax],,,,,,,
"314428 ALLERGENIC EXTRACT, PIGWEED, SPINY, POLLEN",,,,,,,
1597311 Midol Complete Pill,,,,,,,
1363235 Guaifenesin / Phenylephrine Oral Tablet [Wal-Phed PE Non-Drying Sinus],,,,,,,
1250490 hydrocortisone acetate 5 MG/ML Topical Cream,,,,,,,
1113667 Dextromethorphan Hydrobromide 3 MG/ML Oral Solution [Robitussin Lingering Cold Long-Acting Cough],,,,,,,
1494034 Monistat Itch Relief Vaginal Product,,,,,,,
1183693 Singulair Oral Product,,,,,,,
605477 Systane,,,,,,,
316959 Nasal Inhalant,,,,,,,
617624 Sodium Fluoride 0.011 MG/MG Toothpaste [Fluoridex],,,,,,,
896322 Fluticasone propionate 0.05 MG/ACTUAT [Flonase],,,,,,,
1175934 Dramamine Oral Product,,,,,,,
1049881 Diphenhydramine Hydrochloride 0.02 MG/MG [Benadryl],,,,,,,
1180458 Miralax Oral Liquid Product,,,,,,,
1294981 Vitamin E Chewable Product,,,,,,,
8132 Pheniramine,,,,,,,
17315 Alka-Seltzer,,,,,,,
1743365 Acetaminophen / Chlorpheniramine / Dextromethorphan / Guaifenesin / Phenylephrine Oral Liquid Product,,,,,,,
377279 Budesonide Inhalant Solution,,,,,,,
1189206 Hydrocortisone 10 MG/ML Topical Cream [Neosporin Eczema],,,,,,,
372184 ferrous sulfate Oral Tablet,,,,,,,
994911 Omega-3 Acid Ethyl Esters (USP) 100 MG Chewable Tablet,,,,,,,
410503 5-Hydroxytryptophan 100 MG Oral Capsule,,,,,,,
1179823 Nasonex Inhalant Product,,,,,,,
668467 Loratadine 5 MG [Claritin],,,,,,,
830528 docosahexaenoic acid 100 MG Oral Capsule,,,,,,,
1154451 Calcium Citrate / Cholecalciferol Oral Product,,,,,,,
892767 Nauzene,,,,,,,
1545781 Robitussin Cough & Congestion,,,,,,,
1155012 Azithromycin Pill,,,,,,,
827262 Sudafed PE Children's Nasal Decongestant,,,,,,,
1294706 Sublingual Product,,,,,,,
1652624 Omega-3 carboxylic acids Oral Capsule,,,,,,,
802548 Amoxicillin 775 MG,,,,,,,
1166302 D3 Dots Pill,,,,,,,
1310571 Shea butter,,,,,,,
6387 Lidocaine,,,,,,,
1488049 Fexofenadine hydrochloride 180 MG [Mucinex Non-Drowsy Allergy],,,,,,,
657571 Lactobacillus acidophilus 100000000 UNT Oral Capsule,,,,,,,
1372932 Rhodiola crenulata root extract,,,,,,,
1652078 Epanova,,,,,,,
1484907 Saffron Extract Pill,,,,,,,
849079 docosahexaenoic acid 120 MG / Eicosapentaenoic Acid 180 MG / Vitamin E 5 UNT Oral Capsule,,,,,,,